-- phpMyAdmin SQL Dump
-- version 4.9.5
-- https://www.phpmyadmin.net/
--
-- 主机： mysql1022.db.sakura.ne.jp
-- 生成日期： 2020-09-30 19:05:27
-- 服务器版本： 5.7.28-log
-- PHP 版本： 7.1.18

SET SQL_MODE = "NO_AUTO_VALUE_ON_ZERO";
SET AUTOCOMMIT = 0;
START TRANSACTION;
SET time_zone = "+00:00";


/*!40101 SET @OLD_CHARACTER_SET_CLIENT=@@CHARACTER_SET_CLIENT */;
/*!40101 SET @OLD_CHARACTER_SET_RESULTS=@@CHARACTER_SET_RESULTS */;
/*!40101 SET @OLD_COLLATION_CONNECTION=@@COLLATION_CONNECTION */;
/*!40101 SET NAMES utf8mb4 */;

--
-- 数据库： `xsight_aga2020`
--

-- --------------------------------------------------------

--
-- 表的结构 `ci_admin_access`
--

CREATE TABLE `ci_admin_access` (
  `role_id` int(10) NOT NULL COMMENT 'キャラクターID',
  `node_id` int(10) NOT NULL COMMENT 'ノードID'
) ENGINE=MyISAM DEFAULT CHARSET=utf8mb4 ROW_FORMAT=FIXED;

--
-- 转存表中的数据 `ci_admin_access`
--

INSERT INTO `ci_admin_access` (`role_id`, `node_id`) VALUES
(2, 106),
(1, 135),
(1, 134),
(1, 133),
(1, 132),
(1, 131),
(1, 130),
(1, 129),
(1, 128),
(1, 127),
(1, 126),
(1, 125),
(1, 124),
(1, 121),
(1, 120),
(1, 119),
(1, 118),
(1, 117),
(1, 116),
(1, 115),
(1, 114),
(1, 113),
(1, 112),
(1, 111),
(1, 110),
(1, 109),
(1, 108),
(1, 107),
(1, 106),
(1, 105),
(1, 103),
(2, 105),
(2, 103),
(2, 102),
(2, 101),
(2, 100),
(2, 99),
(2, 98),
(2, 97),
(2, 95),
(2, 90),
(2, 89),
(2, 88),
(2, 92),
(2, 93),
(2, 94),
(2, 82),
(2, 81),
(2, 80),
(2, 79),
(2, 77),
(2, 76),
(2, 75),
(2, 74),
(2, 73),
(2, 72),
(2, 71),
(1, 102),
(1, 101),
(1, 100),
(1, 99),
(1, 98),
(1, 97),
(1, 95),
(1, 90),
(1, 89),
(1, 88),
(1, 92),
(1, 93),
(1, 94),
(1, 82),
(1, 81),
(1, 80),
(1, 79),
(1, 77),
(1, 76),
(1, 75),
(1, 74),
(1, 73),
(1, 72),
(1, 71),
(1, 70),
(1, 69),
(1, 68),
(1, 67),
(1, 66),
(1, 64),
(1, 63),
(1, 62),
(1, 61),
(1, 59),
(1, 58),
(1, 57),
(1, 56),
(1, 55),
(1, 54),
(1, 53),
(1, 52),
(1, 51),
(1, 50),
(1, 49),
(1, 48),
(1, 46),
(1, 45),
(1, 44),
(1, 43),
(1, 42),
(1, 41),
(1, 40),
(1, 39),
(1, 38),
(1, 37),
(1, 36),
(1, 35),
(1, 34),
(2, 70),
(2, 69),
(2, 68),
(2, 67),
(2, 66),
(2, 64),
(2, 63),
(2, 62),
(2, 61),
(1, 33),
(1, 31),
(1, 30),
(1, 29),
(1, 28),
(1, 27),
(1, 26),
(1, 25),
(1, 24),
(1, 23),
(1, 22),
(1, 21),
(1, 20),
(1, 19),
(1, 18),
(1, 17),
(1, 16),
(1, 15),
(1, 13),
(1, 12),
(1, 11),
(1, 10),
(1, 9),
(1, 8),
(1, 7),
(1, 6),
(1, 5),
(1, 4),
(1, 3),
(1, 2),
(2, 107),
(2, 108),
(2, 109),
(2, 110),
(2, 111),
(2, 112),
(2, 113),
(2, 114),
(2, 115),
(2, 116),
(2, 117),
(2, 118),
(2, 119),
(2, 120),
(2, 121),
(2, 124),
(2, 125),
(2, 126),
(2, 127),
(2, 128),
(2, 129),
(2, 130),
(2, 131),
(2, 132),
(2, 133),
(2, 134),
(2, 135);

-- --------------------------------------------------------

--
-- 表的结构 `ci_admin_generate_func`
--

CREATE TABLE `ci_admin_generate_func` (
  `id` int(10) UNSIGNED NOT NULL,
  `name` varchar(32) CHARACTER SET utf8 NOT NULL COMMENT '方法名称',
  `title` varchar(255) CHARACTER SET utf8 NOT NULL COMMENT '方法标题',
  `status` enum('0','1') CHARACTER SET utf8 NOT NULL DEFAULT '1' COMMENT '状態（0-無効，1有効）',
  `sort` int(2) NOT NULL COMMENT '並べ替え番号',
  `isdelete` enum('0','1') CHARACTER SET utf8 NOT NULL DEFAULT '0' COMMENT 'かどうか削除（0-否，1-是）',
  `create_time` int(10) NOT NULL COMMENT '作成時間',
  `update_time` int(10) NOT NULL COMMENT '更新日時',
  `remark` varchar(255) CHARACTER SET utf8 DEFAULT NULL COMMENT 'コメント'
) ENGINE=MyISAM DEFAULT CHARSET=utf8mb4 ROW_FORMAT=DYNAMIC;

--
-- 转存表中的数据 `ci_admin_generate_func`
--

INSERT INTO `ci_admin_generate_func` (`id`, `name`, `title`, `status`, `sort`, `isdelete`, `create_time`, `update_time`, `remark`) VALUES
(1, 'index', '最初', '1', 1, '0', 1543459729, 1543459729, ''),
(2, 'add', '追加', '1', 2, '0', 1543459885, 1543459885, ''),
(3, 'edit', '編集', '1', 3, '0', 1543461011, 1543461011, ''),
(4, 'del', '削除', '1', 4, '0', 1543461023, 1543461023, ''),
(5, 'forbidden', '無効', '1', 5, '0', 1543461040, 1543461040, ''),
(6, 'recover', '有効', '1', 6, '0', 1543461060, 1543461060, ''),
(7, 'show', '詳細', '1', 7, '0', 1543461088, 1543461088, ''),
(8, 'sort', '並べ替え', '1', 8, '0', 1543461112, 1543461112, ''),
(9, 'recycleBin', 'ごみ箱', '1', 9, '0', 1543461130, 1543461130, ''),
(10, 'recycle', '回収する', '1', 10, '0', 1543461161, 1543461161, ''),
(11, 'delForever', '徹底削除', '1', 11, '0', 1543461185, 1543461185, ''),
(12, 'ceraBill', '請求書を追加', '1', 12, '0', 1543461185, 1543461185, NULL);

-- --------------------------------------------------------

--
-- 表的结构 `ci_admin_group`
--

CREATE TABLE `ci_admin_group` (
  `id` int(10) UNSIGNED NOT NULL,
  `name` varchar(255) CHARACTER SET utf8 NOT NULL DEFAULT '',
  `icon` char(10) CHARACTER SET utf8 NOT NULL,
  `status` enum('0','1') CHARACTER SET utf8 NOT NULL DEFAULT '1' COMMENT '状態（0-無効，1有効）',
  `sort` int(10) NOT NULL DEFAULT '1',
  `remark` varchar(255) CHARACTER SET utf8 DEFAULT NULL COMMENT 'コメント',
  `isdelete` enum('0','1') CHARACTER SET utf8 NOT NULL DEFAULT '0' COMMENT 'かどうか削除（0-否，1-是）',
  `create_time` int(10) NOT NULL DEFAULT '0',
  `update_time` int(10) NOT NULL DEFAULT '0'
) ENGINE=MyISAM DEFAULT CHARSET=utf8mb4 ROW_FORMAT=DYNAMIC;

--
-- 转存表中的数据 `ci_admin_group`
--

INSERT INTO `ci_admin_group` (`id`, `name`, `icon`, `status`, `sort`, `remark`, `isdelete`, `create_time`, `update_time`) VALUES
(1, 'システム管理', '&#xe614;', '1', 1, '', '0', 1541658969, 1541658969),
(2, '予約の設定', '&#xe670;', '1', 2, '予約の設定', '0', 1596529135, 1596529135),
(3, '診断と治療', '&#xe62a', '1', 3, '診断と治療', '0', 1598424834, 1598424834),
(4, 'メール管理', '&#xe622', '1', 4, 'メール管理', '0', 1601176088, 1601176088);

-- --------------------------------------------------------

--
-- 表的结构 `ci_admin_node`
--

CREATE TABLE `ci_admin_node` (
  `id` int(10) UNSIGNED NOT NULL,
  `pid` int(10) NOT NULL,
  `group_id` int(10) NOT NULL,
  `name` varchar(32) CHARACTER SET utf8 NOT NULL,
  `title` varchar(255) CHARACTER SET utf8 NOT NULL,
  `remark` varchar(255) CHARACTER SET utf8 DEFAULT '',
  `level` int(10) NOT NULL DEFAULT '2' COMMENT 'グレード',
  `type` enum('0','1') CHARACTER SET utf8 NOT NULL DEFAULT '0' COMMENT '種類（0-控制器，1-方法）',
  `sort` int(10) NOT NULL DEFAULT '0' COMMENT '番号',
  `status` enum('0','1') CHARACTER SET utf8 NOT NULL DEFAULT '1' COMMENT '有効状態（0-無効，1-有効）',
  `isdelete` enum('0','1') CHARACTER SET utf8 NOT NULL DEFAULT '0' COMMENT '软削除状態（0-未削除，1-已削除）',
  `create_time` int(10) NOT NULL DEFAULT '0',
  `update_time` int(10) NOT NULL DEFAULT '0',
  `is_system` enum('0','1') CHARACTER SET utf8 NOT NULL DEFAULT '0' COMMENT 'ノード（0-否，1-是）'
) ENGINE=MyISAM DEFAULT CHARSET=utf8mb4 ROW_FORMAT=DYNAMIC;

--
-- 转存表中的数据 `ci_admin_node`
--

INSERT INTO `ci_admin_node` (`id`, `pid`, `group_id`, `name`, `title`, `remark`, `level`, `type`, `sort`, `status`, `isdelete`, `create_time`, `update_time`, `is_system`) VALUES
(1, 0, 1, 'AdminGroup', 'グループ化', 'グループ化', 1, '0', 1, '1', '0', 1544451483, 1544451483, '0'),
(2, 1, 1, 'index', '最初', '最初', 2, '1', 1, '1', '0', 1544451501, 1544451501, '0'),
(3, 1, 1, 'add', '追加', '追加', 2, '1', 2, '1', '0', 1544451518, 1544451518, '0'),
(4, 1, 1, 'edit', '編集', '編集', 2, '1', 3, '1', '0', 1544451549, 1544451549, '0'),
(5, 1, 1, 'del', '削除', '削除', 2, '1', 4, '1', '0', 1544451569, 1544451569, '0'),
(6, 1, 1, 'sort', '並べ替え', '並べ替え', 2, '1', 5, '1', '0', 1544451592, 1544451592, '0'),
(7, 1, 1, 'status', '編集状態', '編集状態', 2, '1', 6, '1', '0', 1544451626, 1544451626, '0'),
(8, 1, 1, 'recover', '有効', '有効', 2, '1', 7, '1', '0', 1544451665, 1544451665, '0'),
(9, 1, 1, 'forbidden', '無効', '無効', 2, '1', 8, '1', '0', 1544451684, 1544451684, '0'),
(10, 1, 1, 'show', '詳細', '詳細', 2, '1', 9, '1', '0', 1544451734, 1544451734, '0'),
(11, 1, 1, 'recycleBin', '元に戻す', '元に戻す', 2, '1', 10, '1', '0', 1544451770, 1544451770, '0'),
(12, 1, 1, 'recycle', '対応済リスト', '対応済リスト', 2, '1', 11, '1', '0', 1544451786, 1544451786, '0'),
(13, 1, 1, 'delForever', '徹底削除', '徹底削除', 2, '1', 12, '1', '0', 1544451809, 1544451809, '0'),
(14, 0, 1, 'AdminNode', 'ノード管理', 'ノード管理', 1, '0', 2, '1', '0', 1544451863, 1544451863, '0'),
(15, 14, 1, 'index', '最初', '最初', 2, '1', 1, '1', '0', 1544451884, 1544451884, '0'),
(16, 14, 1, 'add', '追加', '追加', 2, '1', 2, '1', '0', 1544451932, 1544451932, '0'),
(17, 14, 1, 'edit', '編集', '編集', 2, '1', 3, '1', '0', 1544451958, 1544451958, '0'),
(18, 14, 1, 'del', '削除', '削除', 2, '1', 4, '1', '0', 1544451977, 1544451977, '0'),
(19, 14, 1, 'sort', '並べ替え', '並べ替え', 2, '1', 5, '1', '0', 1544452010, 1544452010, '0'),
(20, 14, 1, 'status', '編集状態', '編集状態', 2, '1', 6, '1', '0', 1544452044, 1544452044, '0'),
(21, 14, 1, 'recover', '有効', '有効', 2, '1', 7, '1', '0', 1544452066, 1544452066, '0'),
(22, 14, 1, 'forbidden', '無効', '無効', 2, '1', 8, '1', '0', 1544452092, 1544452092, '0'),
(23, 14, 1, 'methodList', 'メソッドリスト', 'メソッドリスト', 2, '1', 9, '1', '0', 1544452156, 1544452156, '0'),
(24, 14, 1, 'addMethod', '追加方法', '追加方法', 2, '1', 10, '1', '0', 1544452193, 1544452193, '0'),
(25, 14, 1, 'editMethod', '編集方法', '編集方法', 2, '1', 11, '1', '0', 1544452228, 1544452228, '0'),
(26, 14, 1, 'showMethod', '詳細方法', '詳細方法', 2, '1', 12, '1', '0', 1544452257, 1544452257, '0'),
(27, 14, 1, 'methodRecycle', '方法元に戻す', '方法元に戻す', 2, '1', 13, '1', '0', 1544452284, 1544452284, '0'),
(28, 14, 1, 'show', '詳細', '詳細', 2, '1', 14, '1', '0', 1544452452, 1544452452, '0'),
(29, 14, 1, 'recycleBin', '元に戻す', '元に戻す', 2, '1', 15, '1', '0', 1544452309, 1544452309, '0'),
(30, 14, 1, 'recycle', '対応済リスト', '対応済リスト', 2, '1', 16, '1', '0', 1544452333, 1544452333, '0'),
(31, 14, 1, 'delForever', '徹底削除', '徹底削除', 2, '1', 17, '1', '0', 1544452370, 1544452370, '0'),
(32, 0, 1, 'AdminRole', '役割管理', '役割管理', 1, '0', 3, '1', '0', 1544452499, 1544452499, '0'),
(33, 32, 1, 'index', '最初', '最初', 2, '1', 1, '1', '0', 1544452546, 1544452546, '0'),
(34, 32, 1, 'add', '追加', 'add', 2, '1', 2, '1', '0', 1544452559, 1544452559, '0'),
(35, 32, 1, 'edit', '編集', '編集', 2, '1', 3, '1', '0', 1544452580, 1544452580, '0'),
(36, 32, 1, 'del', '削除', '削除', 2, '1', 4, '1', '0', 1544452595, 1544452595, '0'),
(37, 32, 1, 'sort', '並べ替え', '並べ替え', 2, '1', 5, '1', '0', 1544452615, 1544452615, '0'),
(38, 32, 1, 'status', '編集状態', '編集状態', 2, '1', 6, '1', '0', 1544452734, 1544452734, '0'),
(39, 32, 1, 'recover', '有効', '有効', 2, '1', 7, '1', '0', 1544452762, 1544452762, '0'),
(40, 32, 1, 'forbidden', '無効', '無効', 2, '1', 8, '1', '0', 1544452787, 1544452787, '0'),
(41, 32, 1, 'show', '詳細', '詳細', 2, '1', 9, '1', '0', 1544452845, 1544452845, '0'),
(42, 32, 1, 'users', '用户列表', '用户列表', 2, '1', 10, '1', '0', 1544452872, 1544452872, '0'),
(43, 32, 1, 'nodes', '授权列表', '授权列表', 2, '1', 11, '1', '0', 1544452891, 1544452891, '0'),
(44, 32, 1, 'recycleBin', '元に戻す', '元に戻す', 2, '1', 12, '1', '0', 1544452914, 1544452914, '0'),
(45, 32, 1, 'recycle', '対応済リスト', '対応済リスト', 2, '1', 13, '1', '0', 1544452931, 1544452931, '0'),
(46, 32, 1, 'delForever', '徹底削除', '徹底削除', 2, '1', 14, '1', '0', 1544452952, 1544452952, '0'),
(47, 0, 1, 'AdminUser', 'アカウント管理', 'アカウント管理', 1, '0', 4, '1', '0', 1544452990, 1544452990, '0'),
(48, 47, 1, 'index', '最初', '最初', 2, '1', 1, '1', '0', 1544453034, 1544453034, '0'),
(49, 47, 1, 'add', '追加', '追加', 2, '1', 2, '1', '0', 1544453050, 1544453050, '0'),
(50, 47, 1, 'edit', '編集', '編集', 2, '1', 3, '1', '0', 1544453068, 1544453068, '0'),
(51, 47, 1, 'del', '削除', '削除', 2, '1', 4, '1', '0', 1544453068, 1544453068, '0'),
(52, 47, 1, 'sort', '並べ替え', '並べ替え', 2, '1', 5, '1', '0', 1544453134, 1544453134, '0'),
(53, 47, 1, 'status', '編集状態', '編集状態', 2, '1', 6, '1', '0', 1544453161, 1544453161, '0'),
(54, 47, 1, 'recover', '有効', '有効', 2, '1', 7, '1', '0', 1544453194, 1544453194, '0'),
(55, 47, 1, 'forbidden', '無効', '無効', 2, '1', 8, '1', '0', 1544453215, 1544453215, '0'),
(56, 47, 1, 'show', '詳細', '詳細', 2, '1', 9, '1', '0', 1544453246, 1544453246, '0'),
(57, 47, 1, 'recycleBin', '元に戻す', '元に戻す', 2, '1', 10, '1', '0', 1544453266, 1544453266, '0'),
(58, 47, 1, 'recycle', '対応済リスト', '対応済リスト', 2, '1', 11, '1', '0', 1544453284, 1544453284, '0'),
(59, 47, 1, 'delForever', '徹底削除', '徹底削除', 2, '1', 12, '1', '0', 1544453303, 1544453303, '0'),
(60, 0, 2, 'AppointmentSet', '予約の手配', '予約の手配', 1, '0', 1, '1', '0', 1596530455, 1596530455, '0'),
(61, 60, 2, 'index', '最初', '最初', 2, '1', 1, '1', '0', 1596530749, 1596530749, '0'),
(62, 60, 2, 'editEventDate', '日付を編集', '日付を編集', 2, '1', 2, '1', '0', 1596613075, 1596613075, '0'),
(63, 60, 2, 'addEventDate', '日付を追加', '日付を追加', 2, '1', 3, '1', '0', 1596614968, 1596614968, '0'),
(64, 60, 2, 'delEventDate', '日付の削除', '日付の削除', 2, '1', 4, '1', '0', 1596616090, 1596616090, '0'),
(65, 0, 2, 'AppointmentReg', '予定リスト', '予定リスト', 1, '0', 4, '1', '0', 1597127981, 1597127981, '0'),
(66, 65, 2, 'index', '最初', '最初', 2, '1', 1, '1', '0', 1595209749, 1595209749, '0'),
(67, 65, 2, 'add', '追加', '追加', 2, '1', 2, '1', '0', 1595210965, 1595210965, '0'),
(68, 65, 2, 'edit', '編集', '編集', 2, '1', 3, '1', '0', 1595211114, 1595211114, '0'),
(69, 65, 2, 'del', '削除', '削除', 2, '1', 2, '1', '0', 1595211140, 1595211140, '0'),
(70, 65, 2, 'sort', 'バッチ並べ替え', 'バッチ並べ替え', 2, '1', 5, '1', '0', 1595211469, 1595211469, '0'),
(71, 65, 2, 'status', '編集状態', '編集状態', 2, '1', 6, '1', '0', 1595211510, 1595211510, '0'),
(72, 65, 2, 'recover', '有効', '有効', 2, '1', 7, '1', '0', 1595212295, 1595212295, '0'),
(73, 65, 2, 'forbidden', '無効', '無効', 2, '1', 8, '1', '0', 1595212326, 1595212326, '0'),
(74, 65, 2, 'show', '詳細', '詳細', 2, '1', 9, '1', '0', 1595212370, 1595212370, '0'),
(75, 65, 2, 'recycleBin', '元に戻す', '元に戻す', 2, '1', 10, '1', '0', 1595212896, 1595212896, '0'),
(76, 65, 2, 'recycle', '対応済リスト', '対応済リスト', 2, '1', 11, '1', '0', 1595212994, 1595212994, '0'),
(77, 65, 2, 'delForever', '徹底削除', '徹底削除', 2, '1', 12, '1', '0', 1595213083, 1595213083, '0'),
(78, 0, 2, 'AppointmentSetData', '予定データ', '予定データ', 1, '0', 2, '1', '0', 1597371878, 1597371878, '0'),
(79, 78, 2, 'index', '最初', '最初', 2, '1', 1, '1', '0', 1595209749, 1595209749, '0'),
(80, 78, 2, 'add', '追加', '追加', 2, '1', 2, '1', '0', 1595210965, 1595210965, '0'),
(81, 78, 2, 'edit', '編集', '編集', 2, '1', 3, '1', '0', 1595211114, 1595211114, '0'),
(82, 78, 2, 'del', '削除', '削除', 2, '1', 2, '1', '0', 1595211140, 1595211140, '0'),
(94, 78, 2, 'edit', '編集', '編集', 2, '1', 3, '1', '0', 1595211114, 1595211114, '0'),
(93, 78, 2, 'add', '追加', '追加', 2, '1', 2, '1', '0', 1595210965, 1595210965, '0'),
(92, 78, 2, 'index', '最初', '最初', 2, '1', 1, '1', '0', 1595209749, 1595209749, '0'),
(91, 0, 3, 'DiagnosisReg', '診療情報', '診療情報', 1, '0', 1, '1', '0', 1598425321, 1598425321, '0'),
(88, 91, 3, 'index', '最初', '最初', 2, '1', 1, '1', '0', 1595212896, 1595212896, '0'),
(89, 91, 3, 'add', '追加', '追加', 2, '1', 2, '1', '0', 1595212994, 1595212994, '0'),
(90, 91, 3, 'edit', '編集', '編集', 2, '1', 3, '1', '0', 1595213083, 1595213083, '0'),
(95, 91, 3, 'del', '削除', '削除', 2, '1', 4, '1', '0', 1595211140, 1595211140, '0'),
(96, 91, 3, 'sort', '並べ替え', '並べ替え', 2, '1', 5, '0', '0', 1595211469, 1595211469, '0'),
(97, 91, 3, 'status', '編集状態', '編集状態', 2, '1', 6, '1', '0', 1595211510, 1595211510, '0'),
(98, 91, 3, 'recover', '有効', '有効', 2, '1', 7, '1', '0', 1595212295, 1595212295, '0'),
(99, 91, 3, 'forbidden', '無効', '無効', 2, '1', 8, '1', '0', 1595212326, 1595212326, '0'),
(100, 91, 3, 'show', '詳細', '詳細', 2, '1', 9, '1', '0', 1595212370, 1595212370, '0'),
(101, 91, 3, 'recycleBin', '元に戻す', '元に戻す', 2, '1', 10, '1', '0', 1595212896, 1595212896, '0'),
(102, 91, 3, 'recycle', '対応済リスト', '対応済リスト', 2, '1', 11, '1', '0', 1595212994, 1595212994, '0'),
(103, 91, 3, 'delForever', '徹底削除', '徹底削除', 2, '1', 12, '1', '0', 1595213083, 1595213083, '0'),
(104, 0, 2, 'CheckboxSet', '性病複数の設定', '性病複数の設定', 1, '0', 3, '1', '0', 1600321952, 1600321952, '0'),
(105, 104, 2, 'index', '最初', '最初', 2, '1', 1, '1', '0', 1595212896, 1595212896, '0'),
(106, 104, 2, 'add', '追加', '追加', 2, '1', 2, '1', '0', 1595212994, 1595212994, '0'),
(107, 104, 2, 'edit', '編集', '編集', 2, '1', 3, '1', '0', 1595213083, 1595213083, '0'),
(108, 104, 2, 'del', '削除', '削除', 2, '1', 4, '1', '0', 1595211140, 1595211140, '0'),
(109, 104, 2, 'sort', '並べ替え', '並べ替え', 2, '1', 5, '1', '0', 1595211469, 1595211469, '0'),
(110, 104, 2, 'status', '編集状態', '編集状態', 2, '1', 6, '1', '0', 1595211510, 1595211510, '0'),
(111, 104, 2, 'recover', '有効', '有効', 2, '1', 7, '1', '0', 1595212295, 1595212295, '0'),
(112, 104, 2, 'forbidden', '無効', '無効', 2, '1', 8, '1', '0', 1595212326, 1595212326, '0'),
(113, 104, 2, 'methodList', 'メソッドリスト', 'メソッドリスト', 2, '1', 9, '1', '0', 1595212370, 1595212370, '0'),
(114, 104, 2, 'addMethod', '追加方法', '追加方法', 2, '1', 10, '1', '0', 1595212896, 1595212896, '0'),
(115, 104, 2, 'editMethod', '編集方法', '編集方法', 2, '1', 11, '1', '0', 1595212994, 1595212994, '0'),
(116, 104, 2, 'showMethod', '詳細方法', '詳細方法', 2, '1', 12, '1', '0', 1595213083, 1595213083, '0'),
(117, 104, 2, 'methodRecycle', '方法元に戻す', '方法元に戻す', 2, '1', 13, '1', '0', 1595213083, 1595213083, '0'),
(118, 104, 2, 'show', '詳細', '詳細', 2, '1', 14, '1', '0', 1595213083, 1595213083, '0'),
(119, 104, 2, 'recycleBin', '元に戻す', '元に戻す', 2, '1', 15, '1', '0', 1595213083, 1595213083, '0'),
(120, 104, 2, 'recycle', '対応済リスト', '対応済リスト', 2, '1', 16, '1', '0', 1595213083, 1595213083, '0'),
(121, 104, 2, 'delForever', '徹底削除', '徹底削除', 2, '1', 17, '1', '0', 1595213083, 1595213083, '0'),
(122, 0, 4, 'MailscenesSet', 'メール設定', '送信シーン設定', 1, '0', 1, '1', '0', 1601177666, 1601177666, '0'),
(124, 122, 4, 'index', '最初', '最初', 2, '1', 1, '1', '0', 1544451501, 1544451501, '0'),
(125, 122, 4, 'add', '追加', '追加', 2, '1', 2, '1', '0', 1544451518, 1544451518, '0'),
(126, 122, 4, 'edit', '編集', '編集', 2, '1', 3, '1', '0', 1544451549, 1544451549, '0'),
(127, 122, 4, 'del', '削除', '削除', 2, '1', 4, '1', '0', 1544451569, 1544451569, '0'),
(128, 122, 4, 'sort', '並べ替え', '並べ替え', 2, '1', 5, '1', '0', 1544451592, 1544451592, '0'),
(129, 122, 4, 'status', '編集状態', '編集状態', 2, '1', 6, '1', '0', 1544451626, 1544451626, '0'),
(130, 122, 4, 'recover', '有効', '有効', 2, '1', 7, '1', '0', 1544451665, 1544451665, '0'),
(131, 122, 4, 'forbidden', '無効', '無効', 2, '1', 8, '1', '0', 1544451684, 1544451684, '0'),
(132, 122, 4, 'show', '詳細', '詳細', 2, '1', 9, '1', '0', 1544451734, 1544451734, '0'),
(133, 122, 4, 'recycleBin', '元に戻す', '元に戻す', 2, '1', 10, '1', '0', 1544451770, 1544451770, '0'),
(134, 122, 4, 'recycle', '対応済リスト', '対応済リスト', 2, '1', 11, '1', '0', 1544451786, 1544451786, '0'),
(135, 122, 4, 'delForever', '徹底削除', '徹底削除', 2, '1', 12, '1', '0', 1544451809, 1544451809, '0');

-- --------------------------------------------------------

--
-- 表的结构 `ci_admin_role`
--

CREATE TABLE `ci_admin_role` (
  `id` int(10) UNSIGNED NOT NULL,
  `name` varchar(255) CHARACTER SET utf8 NOT NULL COMMENT 'キャラクター',
  `sort` int(10) NOT NULL COMMENT '並べ替え番号',
  `remark` varchar(1000) CHARACTER SET utf8 NOT NULL COMMENT 'コメント',
  `status` enum('0','1') CHARACTER SET utf8 NOT NULL DEFAULT '1' COMMENT '有効状態（0-無効，1-有効）',
  `isdelete` enum('0','1') CHARACTER SET utf8 NOT NULL DEFAULT '0' COMMENT '软削除状態（0-未削除，1-已削除）',
  `create_time` int(10) NOT NULL DEFAULT '0' COMMENT '作成時間',
  `update_time` int(10) NOT NULL DEFAULT '0' COMMENT '更新日時'
) ENGINE=MyISAM DEFAULT CHARSET=utf8mb4 ROW_FORMAT=DYNAMIC;

--
-- 转存表中的数据 `ci_admin_role`
--

INSERT INTO `ci_admin_role` (`id`, `name`, `sort`, `remark`, `status`, `isdelete`, `create_time`, `update_time`) VALUES
(1, 'スーパー管理者', 1, 'スーパー管理者', '1', '0', 1542112352, 1542112352),
(2, '一般管理者', 2, '一般管理者', '1', '0', 1595165933, 1595165933);

-- --------------------------------------------------------

--
-- 表的结构 `ci_admin_role_user`
--

CREATE TABLE `ci_admin_role_user` (
  `role_id` int(10) NOT NULL,
  `user_id` int(10) NOT NULL
) ENGINE=MyISAM DEFAULT CHARSET=utf8mb4 ROW_FORMAT=FIXED;

--
-- 转存表中的数据 `ci_admin_role_user`
--

INSERT INTO `ci_admin_role_user` (`role_id`, `user_id`) VALUES
(1, 1),
(2, 2);

-- --------------------------------------------------------

--
-- 表的结构 `ci_admin_user`
--

CREATE TABLE `ci_admin_user` (
  `id` int(10) UNSIGNED NOT NULL,
  `account` varchar(32) CHARACTER SET utf8 NOT NULL,
  `realname` varchar(255) CHARACTER SET utf8 DEFAULT NULL,
  `password` varchar(32) CHARACTER SET utf8 NOT NULL,
  `sort` int(10) NOT NULL,
  `last_login_time` int(10) DEFAULT NULL,
  `last_login_ip` varchar(10) CHARACTER SET utf8 DEFAULT NULL,
  `login_count` int(10) NOT NULL DEFAULT '0',
  `email` varchar(32) CHARACTER SET utf8 DEFAULT NULL,
  `mobile` varchar(32) CHARACTER SET utf8 DEFAULT NULL COMMENT '結合',
  `remark` varchar(1000) CHARACTER SET utf8 DEFAULT NULL,
  `status` enum('0','1') CHARACTER SET utf8 NOT NULL DEFAULT '1' COMMENT '有効状態（0-無効，1-有効）',
  `isdelete` enum('0','1') CHARACTER SET utf8 NOT NULL DEFAULT '0' COMMENT '软削除状態（0-未削除，1-已削除）',
  `create_time` int(10) NOT NULL,
  `update_time` int(10) NOT NULL
) ENGINE=MyISAM DEFAULT CHARSET=utf8mb4 ROW_FORMAT=DYNAMIC;

--
-- 转存表中的数据 `ci_admin_user`
--

INSERT INTO `ci_admin_user` (`id`, `account`, `realname`, `password`, `sort`, `last_login_time`, `last_login_ip`, `login_count`, `email`, `mobile`, `remark`, `status`, `isdelete`, `create_time`, `update_time`) VALUES
(1, 'admin', 'スーパー管理者', 'd1ff809263987bf6604bb3e4d3a0a636', 1, 1601458222, '126.242.16', 0, 'bin_id@163.com', '18600000000', 'admin', '1', '0', 1542112401, 1542112401),
(2, 'admin123', '一般管理者', 'd1ff809263987bf6604bb3e4d3a0a636', 2, 1601436344, '192.168.1.', 0, '15840508803@163.com', '15840508803', 'admin123', '1', '0', 1595165865, 1595165865);

-- --------------------------------------------------------

--
-- 表的结构 `ci_appointment_reg`
--

CREATE TABLE `ci_appointment_reg` (
  `id` int(10) UNSIGNED NOT NULL,
  `app_sn` varchar(32) DEFAULT NULL,
  `set_id` int(10) DEFAULT NULL,
  `start_ymd` varchar(20) DEFAULT NULL,
  `start_his` varchar(20) DEFAULT NULL,
  `old_start_his` varchar(20) DEFAULT NULL,
  `is_app` enum('0','1','2') DEFAULT '0' COMMENT '0,是,否',
  `is_type` enum('0','1','2','3','4') DEFAULT '0',
  `realname` varchar(64) NOT NULL,
  `email` varchar(255) NOT NULL,
  `confirm_email` varchar(255) NOT NULL,
  `tel` varchar(255) NOT NULL,
  `sex` enum('0','1','2') DEFAULT '0' COMMENT '0null1男2女',
  `age` enum('0','1','2','3','4','5','6') DEFAULT '0' COMMENT '''0'',''15歳'',''20代'',''30代'',''40代'',''50代'',''60代''',
  `reply` enum('0','1','2') DEFAULT '0',
  `xing_now_sa` enum('0','1','2','3') DEFAULT '0',
  `xing_now_sy` enum('0','1','2') DEFAULT '0',
  `radio_title` enum('0','1','2','3','4','5','6') DEFAULT '0',
  `checkbox_title_sub_1` varchar(255) DEFAULT NULL,
  `checkbox_title_sub_2` varchar(255) DEFAULT NULL,
  `checkbox_title_sub_3` varchar(255) DEFAULT NULL,
  `checkbox_title_sub_num` varchar(255) DEFAULT NULL,
  `remark_o` varchar(255) DEFAULT NULL,
  `is_allergy` enum('0','1','2') DEFAULT '0',
  `is_allergy_remark` varchar(255) DEFAULT NULL,
  `is_history` enum('0','1','2') DEFAULT '0',
  `is_history_remark` varchar(255) DEFAULT NULL,
  `is_uncomfortable` enum('0','1','2','3','4') DEFAULT '0',
  `is_uncomfortable_remark` varchar(255) DEFAULT NULL,
  `is_family` enum('0','1','2') DEFAULT '0',
  `is_family_remark` varchar(255) DEFAULT NULL,
  `is_channel` enum('0','1','2','3','4','5','6') DEFAULT '0',
  `aga_remark` varchar(255) DEFAULT NULL,
  `xing_preject` enum('0','1','2','3','4','5','6','7','8','9') DEFAULT '0',
  `xing_remark` varchar(255) DEFAULT NULL,
  `xing_other` enum('0','1','2') DEFAULT '0',
  `xing_child` enum('0','1','2','3') DEFAULT '0',
  `remark_t` varchar(255) DEFAULT NULL,
  `create_time` int(10) DEFAULT NULL,
  `update_time` int(10) DEFAULT NULL,
  `isdelete` enum('0','1') DEFAULT '0',
  `is_status` enum('0','1','2','3') DEFAULT '3',
  `is_status_plus` enum('0','1') NOT NULL DEFAULT '0' COMMENT '残数+1  = 1  -1=0'
) ENGINE=MyISAM DEFAULT CHARSET=utf8mb4 ROW_FORMAT=DYNAMIC;

--
-- 转存表中的数据 `ci_appointment_reg`
--

INSERT INTO `ci_appointment_reg` (`id`, `app_sn`, `set_id`, `start_ymd`, `start_his`, `old_start_his`, `is_app`, `is_type`, `realname`, `email`, `confirm_email`, `tel`, `sex`, `age`, `reply`, `xing_now_sa`, `xing_now_sy`, `radio_title`, `checkbox_title_sub_1`, `checkbox_title_sub_2`, `checkbox_title_sub_3`, `checkbox_title_sub_num`, `remark_o`, `is_allergy`, `is_allergy_remark`, `is_history`, `is_history_remark`, `is_uncomfortable`, `is_uncomfortable_remark`, `is_family`, `is_family_remark`, `is_channel`, `aga_remark`, `xing_preject`, `xing_remark`, `xing_other`, `xing_child`, `remark_t`, `create_time`, `update_time`, `isdelete`, `is_status`, `is_status_plus`) VALUES
(1, 'NB10010001', 91, '2020-10-09', '20:00', NULL, '1', '2', 'gechuan', '15840508803@163.com', '15840508803@163.com', '01023858687', '1', '4', '1', '1', '1', '1', '', '', '', NULL, '呼吸できない、心拍数の低下\n\n呼吸できない、心拍数の低下', '2', 'しばしばアレルギー性', '2', 'しばしばアレルギー性', '2', 'しばしばアレルギー性', '2', 'しばしばアレルギー性', '1', 'しばしばアレルギー性', '', '', '', '', 'しばしばアレルギー性', 1601458236, 1601458377, '0', '1', '1'),
(2, '', 79, '2020-10-09', '08:00', NULL, '1', '1', 'gechuan', '15840508803@163.com', '15840508803@163.com', '01023858687', '2', '1', '1', '1', '1', '1', NULL, NULL, NULL, NULL, '', '', '', '', '', '', '', '', '', '', '', '', '', '', '', '', 1601459131, NULL, '0', '3', '1'),
(3, '', 91, '2020-10-09', '20:00', NULL, '1', '2', 'gechuan', '15840508803@163.com', '15840508803@163.com', '01023858687', '1', '1', '1', '1', '1', '1', NULL, NULL, NULL, NULL, '', '', '', '', '', '', '', '', '', '', '', '', '', '', '', '', 1601459378, NULL, '0', '3', '1');

-- --------------------------------------------------------

--
-- 表的结构 `ci_appointment_set`
--

CREATE TABLE `ci_appointment_set` (
  `id` int(10) UNSIGNED NOT NULL,
  `title` varchar(255) CHARACTER SET utf8 NOT NULL,
  `people_num` int(2) DEFAULT NULL,
  `start` datetime NOT NULL,
  `end` datetime DEFAULT NULL,
  `color` varchar(7) CHARACTER SET utf8 DEFAULT NULL,
  `isdelete` enum('0','1') DEFAULT '0'
) ENGINE=MyISAM DEFAULT CHARSET=utf8mb4 ROW_FORMAT=DYNAMIC;

--
-- 转存表中的数据 `ci_appointment_set`
--

INSERT INTO `ci_appointment_set` (`id`, `title`, `people_num`, `start`, `end`, `color`, `isdelete`) VALUES
(1, '08:00', 9, '2020-10-01 08:00:00', '2020-10-01 08:59:59', '#FFD700', '0'),
(2, '09:00', 9, '2020-10-01 09:00:00', '2020-10-01 09:59:59', '#FFD700', '0'),
(3, '10:00', 9, '2020-10-01 10:00:00', '2020-10-01 10:59:59', '#FFD700', '0'),
(4, '11:00', 9, '2020-10-01 11:00:00', '2020-10-01 11:59:59', '#FFD700', '0'),
(5, '12:00', 9, '2020-10-01 12:00:00', '2020-10-01 12:59:59', '#FFD700', '0'),
(6, '13:00', 9, '2020-10-01 13:00:00', '2020-10-01 13:59:59', '#FFD700', '0'),
(7, '14:00', 9, '2020-10-01 14:00:00', '2020-10-01 14:59:59', '#FFD700', '0'),
(8, '15:00', 9, '2020-10-01 15:00:00', '2020-10-01 15:59:59', '#FFD700', '0'),
(9, '16:00', 9, '2020-10-01 16:00:00', '2020-10-01 16:59:59', '#FFD700', '0'),
(10, '17:00', 9, '2020-10-01 17:00:00', '2020-10-01 17:59:59', '#FFD700', '0'),
(11, '18:00', 9, '2020-10-01 18:00:00', '2020-10-01 18:59:59', '#FFD700', '0'),
(12, '19:00', 9, '2020-10-01 19:00:00', '2020-10-01 19:59:59', '#FFD700', '0'),
(13, '20:00', 9, '2020-10-01 20:00:00', '2020-10-01 20:59:59', '#FFD700', '0'),
(14, '08:00', 9, '2020-10-02 08:00:00', '2020-10-02 08:59:59', '#FFD700', '0'),
(15, '09:00', 9, '2020-10-02 09:00:00', '2020-10-02 09:59:59', '#FFD700', '0'),
(16, '10:00', 9, '2020-10-02 10:00:00', '2020-10-02 10:59:59', '#FFD700', '0'),
(17, '11:00', 9, '2020-10-02 11:00:00', '2020-10-02 11:59:59', '#FFD700', '0'),
(18, '12:00', 9, '2020-10-02 12:00:00', '2020-10-02 12:59:59', '#FFD700', '0'),
(19, '13:00', 9, '2020-10-02 13:00:00', '2020-10-02 13:59:59', '#FFD700', '0'),
(20, '14:00', 9, '2020-10-02 14:00:00', '2020-10-02 14:59:59', '#FFD700', '0'),
(21, '15:00', 9, '2020-10-02 15:00:00', '2020-10-02 15:59:59', '#FFD700', '0'),
(22, '16:00', 9, '2020-10-02 16:00:00', '2020-10-02 16:59:59', '#FFD700', '0'),
(23, '17:00', 9, '2020-10-02 17:00:00', '2020-10-02 17:59:59', '#FFD700', '0'),
(24, '18:00', 9, '2020-10-02 18:00:00', '2020-10-02 18:59:59', '#FFD700', '0'),
(25, '19:00', 9, '2020-10-02 19:00:00', '2020-10-02 19:59:59', '#FFD700', '0'),
(26, '20:00', 9, '2020-10-02 20:00:00', '2020-10-02 20:59:59', '#FFD700', '0'),
(27, '08:00', 9, '2020-10-05 08:00:00', '2020-10-05 08:59:59', '#FFD700', '0'),
(28, '09:00', 9, '2020-10-05 09:00:00', '2020-10-05 09:59:59', '#FFD700', '0'),
(29, '10:00', 9, '2020-10-05 10:00:00', '2020-10-05 10:59:59', '#FFD700', '0'),
(30, '11:00', 9, '2020-10-05 11:00:00', '2020-10-05 11:59:59', '#FFD700', '0'),
(31, '12:00', 9, '2020-10-05 12:00:00', '2020-10-05 12:59:59', '#FFD700', '0'),
(32, '13:00', 9, '2020-10-05 13:00:00', '2020-10-05 13:59:59', '#FFD700', '0'),
(33, '14:00', 9, '2020-10-05 14:00:00', '2020-10-05 14:59:59', '#FFD700', '0'),
(34, '15:00', 9, '2020-10-05 15:00:00', '2020-10-05 15:59:59', '#FFD700', '0'),
(35, '16:00', 9, '2020-10-05 16:00:00', '2020-10-05 16:59:59', '#FFD700', '0'),
(36, '17:00', 9, '2020-10-05 17:00:00', '2020-10-05 17:59:59', '#FFD700', '0'),
(37, '18:00', 9, '2020-10-05 18:00:00', '2020-10-05 18:59:59', '#FFD700', '0'),
(38, '19:00', 9, '2020-10-05 19:00:00', '2020-10-05 19:59:59', '#FFD700', '0'),
(39, '20:00', 9, '2020-10-05 20:00:00', '2020-10-05 20:59:59', '#FFD700', '0'),
(40, '08:00', 9, '2020-10-06 08:00:00', '2020-10-06 08:59:59', '#FFD700', '0'),
(41, '09:00', 9, '2020-10-06 09:00:00', '2020-10-06 09:59:59', '#FFD700', '0'),
(42, '10:00', 9, '2020-10-06 10:00:00', '2020-10-06 10:59:59', '#FFD700', '0'),
(43, '11:00', 9, '2020-10-06 11:00:00', '2020-10-06 11:59:59', '#FFD700', '0'),
(44, '12:00', 9, '2020-10-06 12:00:00', '2020-10-06 12:59:59', '#FFD700', '0'),
(45, '13:00', 9, '2020-10-06 13:00:00', '2020-10-06 13:59:59', '#FFD700', '0'),
(46, '14:00', 9, '2020-10-06 14:00:00', '2020-10-06 14:59:59', '#FFD700', '0'),
(47, '15:00', 9, '2020-10-06 15:00:00', '2020-10-06 15:59:59', '#FFD700', '0'),
(48, '16:00', 9, '2020-10-06 16:00:00', '2020-10-06 16:59:59', '#FFD700', '0'),
(49, '17:00', 9, '2020-10-06 17:00:00', '2020-10-06 17:59:59', '#FFD700', '0'),
(50, '18:00', 9, '2020-10-06 18:00:00', '2020-10-06 18:59:59', '#FFD700', '0'),
(51, '19:00', 9, '2020-10-06 19:00:00', '2020-10-06 19:59:59', '#FFD700', '0'),
(52, '20:00', 9, '2020-10-06 20:00:00', '2020-10-06 20:59:59', '#FFD700', '0'),
(53, '08:00', 9, '2020-10-07 08:00:00', '2020-10-07 08:59:59', '#FFD700', '0'),
(54, '09:00', 9, '2020-10-07 09:00:00', '2020-10-07 09:59:59', '#FFD700', '0'),
(55, '10:00', 9, '2020-10-07 10:00:00', '2020-10-07 10:59:59', '#FFD700', '0'),
(56, '11:00', 9, '2020-10-07 11:00:00', '2020-10-07 11:59:59', '#FFD700', '0'),
(57, '12:00', 9, '2020-10-07 12:00:00', '2020-10-07 12:59:59', '#FFD700', '0'),
(58, '13:00', 9, '2020-10-07 13:00:00', '2020-10-07 13:59:59', '#FFD700', '0'),
(59, '14:00', 9, '2020-10-07 14:00:00', '2020-10-07 14:59:59', '#FFD700', '0'),
(60, '15:00', 9, '2020-10-07 15:00:00', '2020-10-07 15:59:59', '#FFD700', '0'),
(61, '16:00', 9, '2020-10-07 16:00:00', '2020-10-07 16:59:59', '#FFD700', '0'),
(62, '17:00', 9, '2020-10-07 17:00:00', '2020-10-07 17:59:59', '#FFD700', '0'),
(63, '18:00', 9, '2020-10-07 18:00:00', '2020-10-07 18:59:59', '#FFD700', '0'),
(64, '19:00', 9, '2020-10-07 19:00:00', '2020-10-07 19:59:59', '#FFD700', '0'),
(65, '20:00', 9, '2020-10-07 20:00:00', '2020-10-07 20:59:59', '#FFD700', '0'),
(66, '08:00', 9, '2020-10-08 08:00:00', '2020-10-08 08:59:59', '#FFD700', '0'),
(67, '09:00', 9, '2020-10-08 09:00:00', '2020-10-08 09:59:59', '#FFD700', '0'),
(68, '10:00', 9, '2020-10-08 10:00:00', '2020-10-08 10:59:59', '#FFD700', '0'),
(69, '11:00', 9, '2020-10-08 11:00:00', '2020-10-08 11:59:59', '#FFD700', '0'),
(70, '12:00', 9, '2020-10-08 12:00:00', '2020-10-08 12:59:59', '#FFD700', '0'),
(71, '13:00', 9, '2020-10-08 13:00:00', '2020-10-08 13:59:59', '#FFD700', '0'),
(72, '14:00', 9, '2020-10-08 14:00:00', '2020-10-08 14:59:59', '#FFD700', '0'),
(73, '15:00', 9, '2020-10-08 15:00:00', '2020-10-08 15:59:59', '#FFD700', '0'),
(74, '16:00', 9, '2020-10-08 16:00:00', '2020-10-08 16:59:59', '#FFD700', '0'),
(75, '17:00', 9, '2020-10-08 17:00:00', '2020-10-08 17:59:59', '#FFD700', '0'),
(76, '18:00', 9, '2020-10-08 18:00:00', '2020-10-08 18:59:59', '#FFD700', '0'),
(77, '19:00', 9, '2020-10-08 19:00:00', '2020-10-08 19:59:59', '#FFD700', '0'),
(78, '20:00', 9, '2020-10-08 20:00:00', '2020-10-08 20:59:59', '#FFD700', '0'),
(79, '08:00', 8, '2020-10-09 08:00:00', '2020-10-09 08:59:59', '#FFD700', '0'),
(80, '09:00', 9, '2020-10-09 09:00:00', '2020-10-09 09:59:59', '#FFD700', '0'),
(81, '10:00', 9, '2020-10-09 10:00:00', '2020-10-09 10:59:59', '#FFD700', '0'),
(82, '11:00', 9, '2020-10-09 11:00:00', '2020-10-09 11:59:59', '#FFD700', '0'),
(83, '12:00', 9, '2020-10-09 12:00:00', '2020-10-09 12:59:59', '#FFD700', '0'),
(84, '13:00', 9, '2020-10-09 13:00:00', '2020-10-09 13:59:59', '#FFD700', '0'),
(85, '14:00', 9, '2020-10-09 14:00:00', '2020-10-09 14:59:59', '#FFD700', '0'),
(86, '15:00', 9, '2020-10-09 15:00:00', '2020-10-09 15:59:59', '#FFD700', '0'),
(87, '16:00', 9, '2020-10-09 16:00:00', '2020-10-09 16:59:59', '#FFD700', '0'),
(88, '17:00', 9, '2020-10-09 17:00:00', '2020-10-09 17:59:59', '#FFD700', '0'),
(89, '18:00', 9, '2020-10-09 18:00:00', '2020-10-09 18:59:59', '#FFD700', '0'),
(90, '19:00', 9, '2020-10-09 19:00:00', '2020-10-09 19:59:59', '#FFD700', '0'),
(91, '20:00', 7, '2020-10-09 20:00:00', '2020-10-09 20:59:59', '#FFD700', '0'),
(92, '08:00', 9, '2020-10-12 08:00:00', '2020-10-12 08:59:59', '#FFD700', '0'),
(93, '09:00', 9, '2020-10-12 09:00:00', '2020-10-12 09:59:59', '#FFD700', '0'),
(94, '10:00', 9, '2020-10-12 10:00:00', '2020-10-12 10:59:59', '#FFD700', '0'),
(95, '11:00', 9, '2020-10-12 11:00:00', '2020-10-12 11:59:59', '#FFD700', '0'),
(96, '12:00', 9, '2020-10-12 12:00:00', '2020-10-12 12:59:59', '#FFD700', '0'),
(97, '13:00', 9, '2020-10-12 13:00:00', '2020-10-12 13:59:59', '#FFD700', '0'),
(98, '14:00', 9, '2020-10-12 14:00:00', '2020-10-12 14:59:59', '#FFD700', '0'),
(99, '15:00', 9, '2020-10-12 15:00:00', '2020-10-12 15:59:59', '#FFD700', '0'),
(100, '16:00', 9, '2020-10-12 16:00:00', '2020-10-12 16:59:59', '#FFD700', '0'),
(101, '17:00', 9, '2020-10-12 17:00:00', '2020-10-12 17:59:59', '#FFD700', '0'),
(102, '18:00', 9, '2020-10-12 18:00:00', '2020-10-12 18:59:59', '#FFD700', '0'),
(103, '19:00', 9, '2020-10-12 19:00:00', '2020-10-12 19:59:59', '#FFD700', '0'),
(104, '20:00', 9, '2020-10-12 20:00:00', '2020-10-12 20:59:59', '#FFD700', '0'),
(105, '08:00', 9, '2020-10-13 08:00:00', '2020-10-13 08:59:59', '#FFD700', '0'),
(106, '09:00', 9, '2020-10-13 09:00:00', '2020-10-13 09:59:59', '#FFD700', '0'),
(107, '10:00', 9, '2020-10-13 10:00:00', '2020-10-13 10:59:59', '#FFD700', '0'),
(108, '11:00', 9, '2020-10-13 11:00:00', '2020-10-13 11:59:59', '#FFD700', '0'),
(109, '12:00', 9, '2020-10-13 12:00:00', '2020-10-13 12:59:59', '#FFD700', '0'),
(110, '13:00', 9, '2020-10-13 13:00:00', '2020-10-13 13:59:59', '#FFD700', '0'),
(111, '14:00', 9, '2020-10-13 14:00:00', '2020-10-13 14:59:59', '#FFD700', '0'),
(112, '15:00', 9, '2020-10-13 15:00:00', '2020-10-13 15:59:59', '#FFD700', '0'),
(113, '16:00', 9, '2020-10-13 16:00:00', '2020-10-13 16:59:59', '#FFD700', '0'),
(114, '17:00', 9, '2020-10-13 17:00:00', '2020-10-13 17:59:59', '#FFD700', '0'),
(115, '18:00', 9, '2020-10-13 18:00:00', '2020-10-13 18:59:59', '#FFD700', '0'),
(116, '19:00', 9, '2020-10-13 19:00:00', '2020-10-13 19:59:59', '#FFD700', '0'),
(117, '20:00', 9, '2020-10-13 20:00:00', '2020-10-13 20:59:59', '#FFD700', '0'),
(118, '08:00', 9, '2020-10-14 08:00:00', '2020-10-14 08:59:59', '#FFD700', '0'),
(119, '09:00', 9, '2020-10-14 09:00:00', '2020-10-14 09:59:59', '#FFD700', '0'),
(120, '10:00', 9, '2020-10-14 10:00:00', '2020-10-14 10:59:59', '#FFD700', '0'),
(121, '11:00', 9, '2020-10-14 11:00:00', '2020-10-14 11:59:59', '#FFD700', '0'),
(122, '12:00', 9, '2020-10-14 12:00:00', '2020-10-14 12:59:59', '#FFD700', '0'),
(123, '13:00', 9, '2020-10-14 13:00:00', '2020-10-14 13:59:59', '#FFD700', '0'),
(124, '14:00', 9, '2020-10-14 14:00:00', '2020-10-14 14:59:59', '#FFD700', '0'),
(125, '15:00', 9, '2020-10-14 15:00:00', '2020-10-14 15:59:59', '#FFD700', '0'),
(126, '16:00', 9, '2020-10-14 16:00:00', '2020-10-14 16:59:59', '#FFD700', '0'),
(127, '17:00', 9, '2020-10-14 17:00:00', '2020-10-14 17:59:59', '#FFD700', '0'),
(128, '18:00', 9, '2020-10-14 18:00:00', '2020-10-14 18:59:59', '#FFD700', '0'),
(129, '19:00', 9, '2020-10-14 19:00:00', '2020-10-14 19:59:59', '#FFD700', '0'),
(130, '20:00', 9, '2020-10-14 20:00:00', '2020-10-14 20:59:59', '#FFD700', '0'),
(131, '08:00', 9, '2020-10-15 08:00:00', '2020-10-15 08:59:59', '#FFD700', '0'),
(132, '09:00', 9, '2020-10-15 09:00:00', '2020-10-15 09:59:59', '#FFD700', '0'),
(133, '10:00', 9, '2020-10-15 10:00:00', '2020-10-15 10:59:59', '#FFD700', '0'),
(134, '11:00', 9, '2020-10-15 11:00:00', '2020-10-15 11:59:59', '#FFD700', '0'),
(135, '12:00', 9, '2020-10-15 12:00:00', '2020-10-15 12:59:59', '#FFD700', '0'),
(136, '13:00', 9, '2020-10-15 13:00:00', '2020-10-15 13:59:59', '#FFD700', '0'),
(137, '14:00', 9, '2020-10-15 14:00:00', '2020-10-15 14:59:59', '#FFD700', '0'),
(138, '15:00', 9, '2020-10-15 15:00:00', '2020-10-15 15:59:59', '#FFD700', '0'),
(139, '16:00', 9, '2020-10-15 16:00:00', '2020-10-15 16:59:59', '#FFD700', '0'),
(140, '17:00', 9, '2020-10-15 17:00:00', '2020-10-15 17:59:59', '#FFD700', '0'),
(141, '18:00', 9, '2020-10-15 18:00:00', '2020-10-15 18:59:59', '#FFD700', '0'),
(142, '19:00', 9, '2020-10-15 19:00:00', '2020-10-15 19:59:59', '#FFD700', '0'),
(143, '20:00', 9, '2020-10-15 20:00:00', '2020-10-15 20:59:59', '#FFD700', '0'),
(144, '08:00', 9, '2020-10-16 08:00:00', '2020-10-16 08:59:59', '#FFD700', '0'),
(145, '09:00', 9, '2020-10-16 09:00:00', '2020-10-16 09:59:59', '#FFD700', '0'),
(146, '10:00', 9, '2020-10-16 10:00:00', '2020-10-16 10:59:59', '#FFD700', '0'),
(147, '11:00', 9, '2020-10-16 11:00:00', '2020-10-16 11:59:59', '#FFD700', '0'),
(148, '12:00', 9, '2020-10-16 12:00:00', '2020-10-16 12:59:59', '#FFD700', '0'),
(149, '13:00', 9, '2020-10-16 13:00:00', '2020-10-16 13:59:59', '#FFD700', '0'),
(150, '14:00', 9, '2020-10-16 14:00:00', '2020-10-16 14:59:59', '#FFD700', '0'),
(151, '15:00', 9, '2020-10-16 15:00:00', '2020-10-16 15:59:59', '#FFD700', '0'),
(152, '16:00', 9, '2020-10-16 16:00:00', '2020-10-16 16:59:59', '#FFD700', '0'),
(153, '17:00', 9, '2020-10-16 17:00:00', '2020-10-16 17:59:59', '#FFD700', '0'),
(154, '18:00', 9, '2020-10-16 18:00:00', '2020-10-16 18:59:59', '#FFD700', '0'),
(155, '19:00', 9, '2020-10-16 19:00:00', '2020-10-16 19:59:59', '#FFD700', '0'),
(156, '20:00', 9, '2020-10-16 20:00:00', '2020-10-16 20:59:59', '#FFD700', '0'),
(157, '08:00', 9, '2020-10-19 08:00:00', '2020-10-19 08:59:59', '#FFD700', '0'),
(158, '09:00', 9, '2020-10-19 09:00:00', '2020-10-19 09:59:59', '#FFD700', '0'),
(159, '10:00', 9, '2020-10-19 10:00:00', '2020-10-19 10:59:59', '#FFD700', '0'),
(160, '11:00', 9, '2020-10-19 11:00:00', '2020-10-19 11:59:59', '#FFD700', '0'),
(161, '12:00', 9, '2020-10-19 12:00:00', '2020-10-19 12:59:59', '#FFD700', '0'),
(162, '13:00', 9, '2020-10-19 13:00:00', '2020-10-19 13:59:59', '#FFD700', '0'),
(163, '14:00', 9, '2020-10-19 14:00:00', '2020-10-19 14:59:59', '#FFD700', '0'),
(164, '15:00', 9, '2020-10-19 15:00:00', '2020-10-19 15:59:59', '#FFD700', '0'),
(165, '16:00', 9, '2020-10-19 16:00:00', '2020-10-19 16:59:59', '#FFD700', '0'),
(166, '17:00', 9, '2020-10-19 17:00:00', '2020-10-19 17:59:59', '#FFD700', '0'),
(167, '18:00', 9, '2020-10-19 18:00:00', '2020-10-19 18:59:59', '#FFD700', '0'),
(168, '19:00', 9, '2020-10-19 19:00:00', '2020-10-19 19:59:59', '#FFD700', '0'),
(169, '20:00', 9, '2020-10-19 20:00:00', '2020-10-19 20:59:59', '#FFD700', '0'),
(170, '08:00', 9, '2020-10-20 08:00:00', '2020-10-20 08:59:59', '#FFD700', '0'),
(171, '09:00', 9, '2020-10-20 09:00:00', '2020-10-20 09:59:59', '#FFD700', '0'),
(172, '10:00', 9, '2020-10-20 10:00:00', '2020-10-20 10:59:59', '#FFD700', '0'),
(173, '11:00', 9, '2020-10-20 11:00:00', '2020-10-20 11:59:59', '#FFD700', '0'),
(174, '12:00', 9, '2020-10-20 12:00:00', '2020-10-20 12:59:59', '#FFD700', '0'),
(175, '13:00', 9, '2020-10-20 13:00:00', '2020-10-20 13:59:59', '#FFD700', '0'),
(176, '14:00', 9, '2020-10-20 14:00:00', '2020-10-20 14:59:59', '#FFD700', '0'),
(177, '15:00', 9, '2020-10-20 15:00:00', '2020-10-20 15:59:59', '#FFD700', '0'),
(178, '16:00', 9, '2020-10-20 16:00:00', '2020-10-20 16:59:59', '#FFD700', '0'),
(179, '17:00', 9, '2020-10-20 17:00:00', '2020-10-20 17:59:59', '#FFD700', '0'),
(180, '18:00', 9, '2020-10-20 18:00:00', '2020-10-20 18:59:59', '#FFD700', '0'),
(181, '19:00', 9, '2020-10-20 19:00:00', '2020-10-20 19:59:59', '#FFD700', '0'),
(182, '20:00', 9, '2020-10-20 20:00:00', '2020-10-20 20:59:59', '#FFD700', '0'),
(183, '08:00', 9, '2020-10-21 08:00:00', '2020-10-21 08:59:59', '#FFD700', '0'),
(184, '09:00', 9, '2020-10-21 09:00:00', '2020-10-21 09:59:59', '#FFD700', '0'),
(185, '10:00', 9, '2020-10-21 10:00:00', '2020-10-21 10:59:59', '#FFD700', '0'),
(186, '11:00', 9, '2020-10-21 11:00:00', '2020-10-21 11:59:59', '#FFD700', '0'),
(187, '12:00', 9, '2020-10-21 12:00:00', '2020-10-21 12:59:59', '#FFD700', '0'),
(188, '13:00', 9, '2020-10-21 13:00:00', '2020-10-21 13:59:59', '#FFD700', '0'),
(189, '14:00', 9, '2020-10-21 14:00:00', '2020-10-21 14:59:59', '#FFD700', '0'),
(190, '15:00', 9, '2020-10-21 15:00:00', '2020-10-21 15:59:59', '#FFD700', '0'),
(191, '16:00', 9, '2020-10-21 16:00:00', '2020-10-21 16:59:59', '#FFD700', '0'),
(192, '17:00', 9, '2020-10-21 17:00:00', '2020-10-21 17:59:59', '#FFD700', '0'),
(193, '18:00', 9, '2020-10-21 18:00:00', '2020-10-21 18:59:59', '#FFD700', '0'),
(194, '19:00', 9, '2020-10-21 19:00:00', '2020-10-21 19:59:59', '#FFD700', '0'),
(195, '20:00', 9, '2020-10-21 20:00:00', '2020-10-21 20:59:59', '#FFD700', '0'),
(196, '08:00', 9, '2020-10-22 08:00:00', '2020-10-22 08:59:59', '#FFD700', '0'),
(197, '09:00', 9, '2020-10-22 09:00:00', '2020-10-22 09:59:59', '#FFD700', '0'),
(198, '10:00', 9, '2020-10-22 10:00:00', '2020-10-22 10:59:59', '#FFD700', '0'),
(199, '11:00', 9, '2020-10-22 11:00:00', '2020-10-22 11:59:59', '#FFD700', '0'),
(200, '12:00', 9, '2020-10-22 12:00:00', '2020-10-22 12:59:59', '#FFD700', '0'),
(201, '13:00', 9, '2020-10-22 13:00:00', '2020-10-22 13:59:59', '#FFD700', '0'),
(202, '14:00', 9, '2020-10-22 14:00:00', '2020-10-22 14:59:59', '#FFD700', '0'),
(203, '15:00', 9, '2020-10-22 15:00:00', '2020-10-22 15:59:59', '#FFD700', '0'),
(204, '16:00', 9, '2020-10-22 16:00:00', '2020-10-22 16:59:59', '#FFD700', '0'),
(205, '17:00', 9, '2020-10-22 17:00:00', '2020-10-22 17:59:59', '#FFD700', '0'),
(206, '18:00', 9, '2020-10-22 18:00:00', '2020-10-22 18:59:59', '#FFD700', '0'),
(207, '19:00', 9, '2020-10-22 19:00:00', '2020-10-22 19:59:59', '#FFD700', '0'),
(208, '20:00', 9, '2020-10-22 20:00:00', '2020-10-22 20:59:59', '#FFD700', '0'),
(209, '08:00', 9, '2020-10-23 08:00:00', '2020-10-23 08:59:59', '#FFD700', '0'),
(210, '09:00', 9, '2020-10-23 09:00:00', '2020-10-23 09:59:59', '#FFD700', '0'),
(211, '10:00', 9, '2020-10-23 10:00:00', '2020-10-23 10:59:59', '#FFD700', '0'),
(212, '11:00', 9, '2020-10-23 11:00:00', '2020-10-23 11:59:59', '#FFD700', '0'),
(213, '12:00', 9, '2020-10-23 12:00:00', '2020-10-23 12:59:59', '#FFD700', '0'),
(214, '13:00', 9, '2020-10-23 13:00:00', '2020-10-23 13:59:59', '#FFD700', '0'),
(215, '14:00', 9, '2020-10-23 14:00:00', '2020-10-23 14:59:59', '#FFD700', '0'),
(216, '15:00', 9, '2020-10-23 15:00:00', '2020-10-23 15:59:59', '#FFD700', '0'),
(217, '16:00', 9, '2020-10-23 16:00:00', '2020-10-23 16:59:59', '#FFD700', '0'),
(218, '17:00', 9, '2020-10-23 17:00:00', '2020-10-23 17:59:59', '#FFD700', '0'),
(219, '18:00', 9, '2020-10-23 18:00:00', '2020-10-23 18:59:59', '#FFD700', '0'),
(220, '19:00', 9, '2020-10-23 19:00:00', '2020-10-23 19:59:59', '#FFD700', '0'),
(221, '20:00', 9, '2020-10-23 20:00:00', '2020-10-23 20:59:59', '#FFD700', '0'),
(222, '08:00', 9, '2020-10-26 08:00:00', '2020-10-26 08:59:59', '#FFD700', '0'),
(223, '09:00', 9, '2020-10-26 09:00:00', '2020-10-26 09:59:59', '#FFD700', '0'),
(224, '10:00', 9, '2020-10-26 10:00:00', '2020-10-26 10:59:59', '#FFD700', '0'),
(225, '11:00', 9, '2020-10-26 11:00:00', '2020-10-26 11:59:59', '#FFD700', '0'),
(226, '12:00', 9, '2020-10-26 12:00:00', '2020-10-26 12:59:59', '#FFD700', '0'),
(227, '13:00', 9, '2020-10-26 13:00:00', '2020-10-26 13:59:59', '#FFD700', '0'),
(228, '14:00', 9, '2020-10-26 14:00:00', '2020-10-26 14:59:59', '#FFD700', '0'),
(229, '15:00', 9, '2020-10-26 15:00:00', '2020-10-26 15:59:59', '#FFD700', '0'),
(230, '16:00', 9, '2020-10-26 16:00:00', '2020-10-26 16:59:59', '#FFD700', '0'),
(231, '17:00', 9, '2020-10-26 17:00:00', '2020-10-26 17:59:59', '#FFD700', '0'),
(232, '18:00', 9, '2020-10-26 18:00:00', '2020-10-26 18:59:59', '#FFD700', '0'),
(233, '19:00', 9, '2020-10-26 19:00:00', '2020-10-26 19:59:59', '#FFD700', '0'),
(234, '20:00', 9, '2020-10-26 20:00:00', '2020-10-26 20:59:59', '#FFD700', '0'),
(235, '08:00', 9, '2020-10-27 08:00:00', '2020-10-27 08:59:59', '#FFD700', '0'),
(236, '09:00', 9, '2020-10-27 09:00:00', '2020-10-27 09:59:59', '#FFD700', '0'),
(237, '10:00', 9, '2020-10-27 10:00:00', '2020-10-27 10:59:59', '#FFD700', '0'),
(238, '11:00', 9, '2020-10-27 11:00:00', '2020-10-27 11:59:59', '#FFD700', '0'),
(239, '12:00', 9, '2020-10-27 12:00:00', '2020-10-27 12:59:59', '#FFD700', '0'),
(240, '13:00', 9, '2020-10-27 13:00:00', '2020-10-27 13:59:59', '#FFD700', '0'),
(241, '14:00', 9, '2020-10-27 14:00:00', '2020-10-27 14:59:59', '#FFD700', '0'),
(242, '15:00', 9, '2020-10-27 15:00:00', '2020-10-27 15:59:59', '#FFD700', '0'),
(243, '16:00', 9, '2020-10-27 16:00:00', '2020-10-27 16:59:59', '#FFD700', '0'),
(244, '17:00', 9, '2020-10-27 17:00:00', '2020-10-27 17:59:59', '#FFD700', '0'),
(245, '18:00', 9, '2020-10-27 18:00:00', '2020-10-27 18:59:59', '#FFD700', '0'),
(246, '19:00', 9, '2020-10-27 19:00:00', '2020-10-27 19:59:59', '#FFD700', '0'),
(247, '20:00', 9, '2020-10-27 20:00:00', '2020-10-27 20:59:59', '#FFD700', '0'),
(248, '08:00', 9, '2020-10-28 08:00:00', '2020-10-28 08:59:59', '#FFD700', '0'),
(249, '09:00', 9, '2020-10-28 09:00:00', '2020-10-28 09:59:59', '#FFD700', '0'),
(250, '10:00', 9, '2020-10-28 10:00:00', '2020-10-28 10:59:59', '#FFD700', '0'),
(251, '11:00', 9, '2020-10-28 11:00:00', '2020-10-28 11:59:59', '#FFD700', '0'),
(252, '12:00', 9, '2020-10-28 12:00:00', '2020-10-28 12:59:59', '#FFD700', '0'),
(253, '13:00', 9, '2020-10-28 13:00:00', '2020-10-28 13:59:59', '#FFD700', '0'),
(254, '14:00', 9, '2020-10-28 14:00:00', '2020-10-28 14:59:59', '#FFD700', '0'),
(255, '15:00', 9, '2020-10-28 15:00:00', '2020-10-28 15:59:59', '#FFD700', '0'),
(256, '16:00', 9, '2020-10-28 16:00:00', '2020-10-28 16:59:59', '#FFD700', '0'),
(257, '17:00', 9, '2020-10-28 17:00:00', '2020-10-28 17:59:59', '#FFD700', '0'),
(258, '18:00', 9, '2020-10-28 18:00:00', '2020-10-28 18:59:59', '#FFD700', '0'),
(259, '19:00', 9, '2020-10-28 19:00:00', '2020-10-28 19:59:59', '#FFD700', '0'),
(260, '20:00', 9, '2020-10-28 20:00:00', '2020-10-28 20:59:59', '#FFD700', '0'),
(261, '08:00', 9, '2020-10-29 08:00:00', '2020-10-29 08:59:59', '#FFD700', '0'),
(262, '09:00', 9, '2020-10-29 09:00:00', '2020-10-29 09:59:59', '#FFD700', '0'),
(263, '10:00', 9, '2020-10-29 10:00:00', '2020-10-29 10:59:59', '#FFD700', '0'),
(264, '11:00', 9, '2020-10-29 11:00:00', '2020-10-29 11:59:59', '#FFD700', '0'),
(265, '12:00', 9, '2020-10-29 12:00:00', '2020-10-29 12:59:59', '#FFD700', '0'),
(266, '13:00', 9, '2020-10-29 13:00:00', '2020-10-29 13:59:59', '#FFD700', '0'),
(267, '14:00', 9, '2020-10-29 14:00:00', '2020-10-29 14:59:59', '#FFD700', '0'),
(268, '15:00', 9, '2020-10-29 15:00:00', '2020-10-29 15:59:59', '#FFD700', '0'),
(269, '16:00', 9, '2020-10-29 16:00:00', '2020-10-29 16:59:59', '#FFD700', '0'),
(270, '17:00', 9, '2020-10-29 17:00:00', '2020-10-29 17:59:59', '#FFD700', '0'),
(271, '18:00', 9, '2020-10-29 18:00:00', '2020-10-29 18:59:59', '#FFD700', '0'),
(272, '19:00', 9, '2020-10-29 19:00:00', '2020-10-29 19:59:59', '#FFD700', '0'),
(273, '20:00', 9, '2020-10-29 20:00:00', '2020-10-29 20:59:59', '#FFD700', '0'),
(274, '08:00', 9, '2020-10-30 08:00:00', '2020-10-30 08:59:59', '#FFD700', '0'),
(275, '09:00', 9, '2020-10-30 09:00:00', '2020-10-30 09:59:59', '#FFD700', '0'),
(276, '10:00', 9, '2020-10-30 10:00:00', '2020-10-30 10:59:59', '#FFD700', '0'),
(277, '11:00', 9, '2020-10-30 11:00:00', '2020-10-30 11:59:59', '#FFD700', '0'),
(278, '12:00', 9, '2020-10-30 12:00:00', '2020-10-30 12:59:59', '#FFD700', '0'),
(279, '13:00', 9, '2020-10-30 13:00:00', '2020-10-30 13:59:59', '#FFD700', '0'),
(280, '14:00', 9, '2020-10-30 14:00:00', '2020-10-30 14:59:59', '#FFD700', '0'),
(281, '15:00', 9, '2020-10-30 15:00:00', '2020-10-30 15:59:59', '#FFD700', '0'),
(282, '16:00', 9, '2020-10-30 16:00:00', '2020-10-30 16:59:59', '#FFD700', '0'),
(283, '17:00', 9, '2020-10-30 17:00:00', '2020-10-30 17:59:59', '#FFD700', '0'),
(284, '18:00', 9, '2020-10-30 18:00:00', '2020-10-30 18:59:59', '#FFD700', '0'),
(285, '19:00', 9, '2020-10-30 19:00:00', '2020-10-30 19:59:59', '#FFD700', '0'),
(286, '20:00', 9, '2020-10-30 20:00:00', '2020-10-30 20:59:59', '#FFD700', '0'),
(287, '08:00', 9, '2020-11-02 08:00:00', '2020-11-02 08:59:59', '#FFD700', '0'),
(288, '09:00', 9, '2020-11-02 09:00:00', '2020-11-02 09:59:59', '#FFD700', '0'),
(289, '10:00', 9, '2020-11-02 10:00:00', '2020-11-02 10:59:59', '#FFD700', '0'),
(290, '11:00', 9, '2020-11-02 11:00:00', '2020-11-02 11:59:59', '#FFD700', '0'),
(291, '12:00', 9, '2020-11-02 12:00:00', '2020-11-02 12:59:59', '#FFD700', '0'),
(292, '13:00', 9, '2020-11-02 13:00:00', '2020-11-02 13:59:59', '#FFD700', '0'),
(293, '14:00', 9, '2020-11-02 14:00:00', '2020-11-02 14:59:59', '#FFD700', '0'),
(294, '15:00', 9, '2020-11-02 15:00:00', '2020-11-02 15:59:59', '#FFD700', '0'),
(295, '16:00', 9, '2020-11-02 16:00:00', '2020-11-02 16:59:59', '#FFD700', '0'),
(296, '17:00', 9, '2020-11-02 17:00:00', '2020-11-02 17:59:59', '#FFD700', '0'),
(297, '18:00', 9, '2020-11-02 18:00:00', '2020-11-02 18:59:59', '#FFD700', '0'),
(298, '19:00', 9, '2020-11-02 19:00:00', '2020-11-02 19:59:59', '#FFD700', '0'),
(299, '20:00', 9, '2020-11-02 20:00:00', '2020-11-02 20:59:59', '#FFD700', '0'),
(300, '08:00', 9, '2020-11-03 08:00:00', '2020-11-03 08:59:59', '#FFD700', '0'),
(301, '09:00', 9, '2020-11-03 09:00:00', '2020-11-03 09:59:59', '#FFD700', '0'),
(302, '10:00', 9, '2020-11-03 10:00:00', '2020-11-03 10:59:59', '#FFD700', '0'),
(303, '11:00', 9, '2020-11-03 11:00:00', '2020-11-03 11:59:59', '#FFD700', '0'),
(304, '12:00', 9, '2020-11-03 12:00:00', '2020-11-03 12:59:59', '#FFD700', '0'),
(305, '13:00', 9, '2020-11-03 13:00:00', '2020-11-03 13:59:59', '#FFD700', '0'),
(306, '14:00', 9, '2020-11-03 14:00:00', '2020-11-03 14:59:59', '#FFD700', '0'),
(307, '15:00', 9, '2020-11-03 15:00:00', '2020-11-03 15:59:59', '#FFD700', '0'),
(308, '16:00', 9, '2020-11-03 16:00:00', '2020-11-03 16:59:59', '#FFD700', '0'),
(309, '17:00', 9, '2020-11-03 17:00:00', '2020-11-03 17:59:59', '#FFD700', '0'),
(310, '18:00', 9, '2020-11-03 18:00:00', '2020-11-03 18:59:59', '#FFD700', '0'),
(311, '19:00', 9, '2020-11-03 19:00:00', '2020-11-03 19:59:59', '#FFD700', '0'),
(312, '20:00', 9, '2020-11-03 20:00:00', '2020-11-03 20:59:59', '#FFD700', '0'),
(313, '08:00', 9, '2020-11-04 08:00:00', '2020-11-04 08:59:59', '#FFD700', '0'),
(314, '09:00', 9, '2020-11-04 09:00:00', '2020-11-04 09:59:59', '#FFD700', '0'),
(315, '10:00', 9, '2020-11-04 10:00:00', '2020-11-04 10:59:59', '#FFD700', '0'),
(316, '11:00', 9, '2020-11-04 11:00:00', '2020-11-04 11:59:59', '#FFD700', '0'),
(317, '12:00', 9, '2020-11-04 12:00:00', '2020-11-04 12:59:59', '#FFD700', '0'),
(318, '13:00', 9, '2020-11-04 13:00:00', '2020-11-04 13:59:59', '#FFD700', '0'),
(319, '14:00', 9, '2020-11-04 14:00:00', '2020-11-04 14:59:59', '#FFD700', '0'),
(320, '15:00', 9, '2020-11-04 15:00:00', '2020-11-04 15:59:59', '#FFD700', '0'),
(321, '16:00', 9, '2020-11-04 16:00:00', '2020-11-04 16:59:59', '#FFD700', '0'),
(322, '17:00', 9, '2020-11-04 17:00:00', '2020-11-04 17:59:59', '#FFD700', '0'),
(323, '18:00', 9, '2020-11-04 18:00:00', '2020-11-04 18:59:59', '#FFD700', '0'),
(324, '19:00', 9, '2020-11-04 19:00:00', '2020-11-04 19:59:59', '#FFD700', '0'),
(325, '20:00', 9, '2020-11-04 20:00:00', '2020-11-04 20:59:59', '#FFD700', '0'),
(326, '08:00', 9, '2020-11-05 08:00:00', '2020-11-05 08:59:59', '#FFD700', '0'),
(327, '09:00', 9, '2020-11-05 09:00:00', '2020-11-05 09:59:59', '#FFD700', '0'),
(328, '10:00', 9, '2020-11-05 10:00:00', '2020-11-05 10:59:59', '#FFD700', '0'),
(329, '11:00', 9, '2020-11-05 11:00:00', '2020-11-05 11:59:59', '#FFD700', '0'),
(330, '12:00', 9, '2020-11-05 12:00:00', '2020-11-05 12:59:59', '#FFD700', '0'),
(331, '13:00', 9, '2020-11-05 13:00:00', '2020-11-05 13:59:59', '#FFD700', '0'),
(332, '14:00', 9, '2020-11-05 14:00:00', '2020-11-05 14:59:59', '#FFD700', '0'),
(333, '15:00', 9, '2020-11-05 15:00:00', '2020-11-05 15:59:59', '#FFD700', '0'),
(334, '16:00', 9, '2020-11-05 16:00:00', '2020-11-05 16:59:59', '#FFD700', '0'),
(335, '17:00', 9, '2020-11-05 17:00:00', '2020-11-05 17:59:59', '#FFD700', '0'),
(336, '18:00', 9, '2020-11-05 18:00:00', '2020-11-05 18:59:59', '#FFD700', '0'),
(337, '19:00', 9, '2020-11-05 19:00:00', '2020-11-05 19:59:59', '#FFD700', '0'),
(338, '20:00', 9, '2020-11-05 20:00:00', '2020-11-05 20:59:59', '#FFD700', '0'),
(339, '08:00', 9, '2020-11-06 08:00:00', '2020-11-06 08:59:59', '#FFD700', '0'),
(340, '09:00', 9, '2020-11-06 09:00:00', '2020-11-06 09:59:59', '#FFD700', '0'),
(341, '10:00', 9, '2020-11-06 10:00:00', '2020-11-06 10:59:59', '#FFD700', '0'),
(342, '11:00', 9, '2020-11-06 11:00:00', '2020-11-06 11:59:59', '#FFD700', '0'),
(343, '12:00', 9, '2020-11-06 12:00:00', '2020-11-06 12:59:59', '#FFD700', '0'),
(344, '13:00', 9, '2020-11-06 13:00:00', '2020-11-06 13:59:59', '#FFD700', '0'),
(345, '14:00', 9, '2020-11-06 14:00:00', '2020-11-06 14:59:59', '#FFD700', '0'),
(346, '15:00', 9, '2020-11-06 15:00:00', '2020-11-06 15:59:59', '#FFD700', '0'),
(347, '16:00', 9, '2020-11-06 16:00:00', '2020-11-06 16:59:59', '#FFD700', '0'),
(348, '17:00', 9, '2020-11-06 17:00:00', '2020-11-06 17:59:59', '#FFD700', '0'),
(349, '18:00', 9, '2020-11-06 18:00:00', '2020-11-06 18:59:59', '#FFD700', '0'),
(350, '19:00', 9, '2020-11-06 19:00:00', '2020-11-06 19:59:59', '#FFD700', '0'),
(351, '20:00', 9, '2020-11-06 20:00:00', '2020-11-06 20:59:59', '#FFD700', '0'),
(352, '08:00', 9, '2020-11-09 08:00:00', '2020-11-09 08:59:59', '#FFD700', '0'),
(353, '09:00', 9, '2020-11-09 09:00:00', '2020-11-09 09:59:59', '#FFD700', '0'),
(354, '10:00', 9, '2020-11-09 10:00:00', '2020-11-09 10:59:59', '#FFD700', '0'),
(355, '11:00', 9, '2020-11-09 11:00:00', '2020-11-09 11:59:59', '#FFD700', '0'),
(356, '12:00', 9, '2020-11-09 12:00:00', '2020-11-09 12:59:59', '#FFD700', '0'),
(357, '13:00', 9, '2020-11-09 13:00:00', '2020-11-09 13:59:59', '#FFD700', '0'),
(358, '14:00', 9, '2020-11-09 14:00:00', '2020-11-09 14:59:59', '#FFD700', '0'),
(359, '15:00', 9, '2020-11-09 15:00:00', '2020-11-09 15:59:59', '#FFD700', '0'),
(360, '16:00', 9, '2020-11-09 16:00:00', '2020-11-09 16:59:59', '#FFD700', '0'),
(361, '17:00', 9, '2020-11-09 17:00:00', '2020-11-09 17:59:59', '#FFD700', '0'),
(362, '18:00', 9, '2020-11-09 18:00:00', '2020-11-09 18:59:59', '#FFD700', '0'),
(363, '19:00', 9, '2020-11-09 19:00:00', '2020-11-09 19:59:59', '#FFD700', '0'),
(364, '20:00', 9, '2020-11-09 20:00:00', '2020-11-09 20:59:59', '#FFD700', '0'),
(365, '08:00', 9, '2020-11-10 08:00:00', '2020-11-10 08:59:59', '#FFD700', '0'),
(366, '09:00', 9, '2020-11-10 09:00:00', '2020-11-10 09:59:59', '#FFD700', '0'),
(367, '10:00', 9, '2020-11-10 10:00:00', '2020-11-10 10:59:59', '#FFD700', '0'),
(368, '11:00', 9, '2020-11-10 11:00:00', '2020-11-10 11:59:59', '#FFD700', '0'),
(369, '12:00', 9, '2020-11-10 12:00:00', '2020-11-10 12:59:59', '#FFD700', '0'),
(370, '13:00', 9, '2020-11-10 13:00:00', '2020-11-10 13:59:59', '#FFD700', '0'),
(371, '14:00', 9, '2020-11-10 14:00:00', '2020-11-10 14:59:59', '#FFD700', '0'),
(372, '15:00', 9, '2020-11-10 15:00:00', '2020-11-10 15:59:59', '#FFD700', '0'),
(373, '16:00', 9, '2020-11-10 16:00:00', '2020-11-10 16:59:59', '#FFD700', '0'),
(374, '17:00', 9, '2020-11-10 17:00:00', '2020-11-10 17:59:59', '#FFD700', '0'),
(375, '18:00', 9, '2020-11-10 18:00:00', '2020-11-10 18:59:59', '#FFD700', '0'),
(376, '19:00', 9, '2020-11-10 19:00:00', '2020-11-10 19:59:59', '#FFD700', '0'),
(377, '20:00', 9, '2020-11-10 20:00:00', '2020-11-10 20:59:59', '#FFD700', '0'),
(378, '08:00', 9, '2020-11-11 08:00:00', '2020-11-11 08:59:59', '#FFD700', '0'),
(379, '09:00', 9, '2020-11-11 09:00:00', '2020-11-11 09:59:59', '#FFD700', '0'),
(380, '10:00', 9, '2020-11-11 10:00:00', '2020-11-11 10:59:59', '#FFD700', '0'),
(381, '11:00', 9, '2020-11-11 11:00:00', '2020-11-11 11:59:59', '#FFD700', '0'),
(382, '12:00', 9, '2020-11-11 12:00:00', '2020-11-11 12:59:59', '#FFD700', '0'),
(383, '13:00', 9, '2020-11-11 13:00:00', '2020-11-11 13:59:59', '#FFD700', '0'),
(384, '14:00', 9, '2020-11-11 14:00:00', '2020-11-11 14:59:59', '#FFD700', '0'),
(385, '15:00', 9, '2020-11-11 15:00:00', '2020-11-11 15:59:59', '#FFD700', '0'),
(386, '16:00', 9, '2020-11-11 16:00:00', '2020-11-11 16:59:59', '#FFD700', '0'),
(387, '17:00', 9, '2020-11-11 17:00:00', '2020-11-11 17:59:59', '#FFD700', '0'),
(388, '18:00', 9, '2020-11-11 18:00:00', '2020-11-11 18:59:59', '#FFD700', '0'),
(389, '19:00', 9, '2020-11-11 19:00:00', '2020-11-11 19:59:59', '#FFD700', '0'),
(390, '20:00', 9, '2020-11-11 20:00:00', '2020-11-11 20:59:59', '#FFD700', '0'),
(391, '08:00', 9, '2020-11-12 08:00:00', '2020-11-12 08:59:59', '#FFD700', '0'),
(392, '09:00', 9, '2020-11-12 09:00:00', '2020-11-12 09:59:59', '#FFD700', '0'),
(393, '10:00', 9, '2020-11-12 10:00:00', '2020-11-12 10:59:59', '#FFD700', '0'),
(394, '11:00', 9, '2020-11-12 11:00:00', '2020-11-12 11:59:59', '#FFD700', '0'),
(395, '12:00', 9, '2020-11-12 12:00:00', '2020-11-12 12:59:59', '#FFD700', '0'),
(396, '13:00', 9, '2020-11-12 13:00:00', '2020-11-12 13:59:59', '#FFD700', '0'),
(397, '14:00', 9, '2020-11-12 14:00:00', '2020-11-12 14:59:59', '#FFD700', '0'),
(398, '15:00', 9, '2020-11-12 15:00:00', '2020-11-12 15:59:59', '#FFD700', '0'),
(399, '16:00', 9, '2020-11-12 16:00:00', '2020-11-12 16:59:59', '#FFD700', '0'),
(400, '17:00', 9, '2020-11-12 17:00:00', '2020-11-12 17:59:59', '#FFD700', '0'),
(401, '18:00', 9, '2020-11-12 18:00:00', '2020-11-12 18:59:59', '#FFD700', '0'),
(402, '19:00', 9, '2020-11-12 19:00:00', '2020-11-12 19:59:59', '#FFD700', '0'),
(403, '20:00', 9, '2020-11-12 20:00:00', '2020-11-12 20:59:59', '#FFD700', '0'),
(404, '08:00', 9, '2020-11-13 08:00:00', '2020-11-13 08:59:59', '#FFD700', '0'),
(405, '09:00', 9, '2020-11-13 09:00:00', '2020-11-13 09:59:59', '#FFD700', '0'),
(406, '10:00', 9, '2020-11-13 10:00:00', '2020-11-13 10:59:59', '#FFD700', '0'),
(407, '11:00', 9, '2020-11-13 11:00:00', '2020-11-13 11:59:59', '#FFD700', '0'),
(408, '12:00', 9, '2020-11-13 12:00:00', '2020-11-13 12:59:59', '#FFD700', '0'),
(409, '13:00', 9, '2020-11-13 13:00:00', '2020-11-13 13:59:59', '#FFD700', '0'),
(410, '14:00', 9, '2020-11-13 14:00:00', '2020-11-13 14:59:59', '#FFD700', '0'),
(411, '15:00', 9, '2020-11-13 15:00:00', '2020-11-13 15:59:59', '#FFD700', '0'),
(412, '16:00', 9, '2020-11-13 16:00:00', '2020-11-13 16:59:59', '#FFD700', '0'),
(413, '17:00', 9, '2020-11-13 17:00:00', '2020-11-13 17:59:59', '#FFD700', '0'),
(414, '18:00', 9, '2020-11-13 18:00:00', '2020-11-13 18:59:59', '#FFD700', '0'),
(415, '19:00', 9, '2020-11-13 19:00:00', '2020-11-13 19:59:59', '#FFD700', '0'),
(416, '20:00', 9, '2020-11-13 20:00:00', '2020-11-13 20:59:59', '#FFD700', '0'),
(417, '08:00', 9, '2020-11-16 08:00:00', '2020-11-16 08:59:59', '#FFD700', '0'),
(418, '09:00', 9, '2020-11-16 09:00:00', '2020-11-16 09:59:59', '#FFD700', '0'),
(419, '10:00', 9, '2020-11-16 10:00:00', '2020-11-16 10:59:59', '#FFD700', '0'),
(420, '11:00', 9, '2020-11-16 11:00:00', '2020-11-16 11:59:59', '#FFD700', '0'),
(421, '12:00', 9, '2020-11-16 12:00:00', '2020-11-16 12:59:59', '#FFD700', '0'),
(422, '13:00', 9, '2020-11-16 13:00:00', '2020-11-16 13:59:59', '#FFD700', '0'),
(423, '14:00', 9, '2020-11-16 14:00:00', '2020-11-16 14:59:59', '#FFD700', '0'),
(424, '15:00', 9, '2020-11-16 15:00:00', '2020-11-16 15:59:59', '#FFD700', '0'),
(425, '16:00', 9, '2020-11-16 16:00:00', '2020-11-16 16:59:59', '#FFD700', '0'),
(426, '17:00', 9, '2020-11-16 17:00:00', '2020-11-16 17:59:59', '#FFD700', '0'),
(427, '18:00', 9, '2020-11-16 18:00:00', '2020-11-16 18:59:59', '#FFD700', '0'),
(428, '19:00', 9, '2020-11-16 19:00:00', '2020-11-16 19:59:59', '#FFD700', '0'),
(429, '20:00', 9, '2020-11-16 20:00:00', '2020-11-16 20:59:59', '#FFD700', '0'),
(430, '08:00', 9, '2020-11-17 08:00:00', '2020-11-17 08:59:59', '#FFD700', '0'),
(431, '09:00', 9, '2020-11-17 09:00:00', '2020-11-17 09:59:59', '#FFD700', '0'),
(432, '10:00', 9, '2020-11-17 10:00:00', '2020-11-17 10:59:59', '#FFD700', '0'),
(433, '11:00', 9, '2020-11-17 11:00:00', '2020-11-17 11:59:59', '#FFD700', '0'),
(434, '12:00', 9, '2020-11-17 12:00:00', '2020-11-17 12:59:59', '#FFD700', '0'),
(435, '13:00', 9, '2020-11-17 13:00:00', '2020-11-17 13:59:59', '#FFD700', '0'),
(436, '14:00', 9, '2020-11-17 14:00:00', '2020-11-17 14:59:59', '#FFD700', '0'),
(437, '15:00', 9, '2020-11-17 15:00:00', '2020-11-17 15:59:59', '#FFD700', '0'),
(438, '16:00', 9, '2020-11-17 16:00:00', '2020-11-17 16:59:59', '#FFD700', '0'),
(439, '17:00', 9, '2020-11-17 17:00:00', '2020-11-17 17:59:59', '#FFD700', '0'),
(440, '18:00', 9, '2020-11-17 18:00:00', '2020-11-17 18:59:59', '#FFD700', '0'),
(441, '19:00', 9, '2020-11-17 19:00:00', '2020-11-17 19:59:59', '#FFD700', '0'),
(442, '20:00', 9, '2020-11-17 20:00:00', '2020-11-17 20:59:59', '#FFD700', '0'),
(443, '08:00', 9, '2020-11-18 08:00:00', '2020-11-18 08:59:59', '#FFD700', '0'),
(444, '09:00', 9, '2020-11-18 09:00:00', '2020-11-18 09:59:59', '#FFD700', '0'),
(445, '10:00', 9, '2020-11-18 10:00:00', '2020-11-18 10:59:59', '#FFD700', '0'),
(446, '11:00', 9, '2020-11-18 11:00:00', '2020-11-18 11:59:59', '#FFD700', '0'),
(447, '12:00', 9, '2020-11-18 12:00:00', '2020-11-18 12:59:59', '#FFD700', '0'),
(448, '13:00', 9, '2020-11-18 13:00:00', '2020-11-18 13:59:59', '#FFD700', '0'),
(449, '14:00', 9, '2020-11-18 14:00:00', '2020-11-18 14:59:59', '#FFD700', '0'),
(450, '15:00', 9, '2020-11-18 15:00:00', '2020-11-18 15:59:59', '#FFD700', '0'),
(451, '16:00', 9, '2020-11-18 16:00:00', '2020-11-18 16:59:59', '#FFD700', '0'),
(452, '17:00', 9, '2020-11-18 17:00:00', '2020-11-18 17:59:59', '#FFD700', '0'),
(453, '18:00', 9, '2020-11-18 18:00:00', '2020-11-18 18:59:59', '#FFD700', '0'),
(454, '19:00', 9, '2020-11-18 19:00:00', '2020-11-18 19:59:59', '#FFD700', '0'),
(455, '20:00', 9, '2020-11-18 20:00:00', '2020-11-18 20:59:59', '#FFD700', '0'),
(456, '08:00', 9, '2020-11-19 08:00:00', '2020-11-19 08:59:59', '#FFD700', '0'),
(457, '09:00', 9, '2020-11-19 09:00:00', '2020-11-19 09:59:59', '#FFD700', '0'),
(458, '10:00', 9, '2020-11-19 10:00:00', '2020-11-19 10:59:59', '#FFD700', '0'),
(459, '11:00', 9, '2020-11-19 11:00:00', '2020-11-19 11:59:59', '#FFD700', '0'),
(460, '12:00', 9, '2020-11-19 12:00:00', '2020-11-19 12:59:59', '#FFD700', '0'),
(461, '13:00', 9, '2020-11-19 13:00:00', '2020-11-19 13:59:59', '#FFD700', '0'),
(462, '14:00', 9, '2020-11-19 14:00:00', '2020-11-19 14:59:59', '#FFD700', '0'),
(463, '15:00', 9, '2020-11-19 15:00:00', '2020-11-19 15:59:59', '#FFD700', '0'),
(464, '16:00', 9, '2020-11-19 16:00:00', '2020-11-19 16:59:59', '#FFD700', '0'),
(465, '17:00', 9, '2020-11-19 17:00:00', '2020-11-19 17:59:59', '#FFD700', '0'),
(466, '18:00', 9, '2020-11-19 18:00:00', '2020-11-19 18:59:59', '#FFD700', '0'),
(467, '19:00', 9, '2020-11-19 19:00:00', '2020-11-19 19:59:59', '#FFD700', '0'),
(468, '20:00', 9, '2020-11-19 20:00:00', '2020-11-19 20:59:59', '#FFD700', '0'),
(469, '08:00', 9, '2020-11-20 08:00:00', '2020-11-20 08:59:59', '#FFD700', '0'),
(470, '09:00', 9, '2020-11-20 09:00:00', '2020-11-20 09:59:59', '#FFD700', '0'),
(471, '10:00', 9, '2020-11-20 10:00:00', '2020-11-20 10:59:59', '#FFD700', '0'),
(472, '11:00', 9, '2020-11-20 11:00:00', '2020-11-20 11:59:59', '#FFD700', '0'),
(473, '12:00', 9, '2020-11-20 12:00:00', '2020-11-20 12:59:59', '#FFD700', '0'),
(474, '13:00', 9, '2020-11-20 13:00:00', '2020-11-20 13:59:59', '#FFD700', '0'),
(475, '14:00', 9, '2020-11-20 14:00:00', '2020-11-20 14:59:59', '#FFD700', '0'),
(476, '15:00', 9, '2020-11-20 15:00:00', '2020-11-20 15:59:59', '#FFD700', '0'),
(477, '16:00', 9, '2020-11-20 16:00:00', '2020-11-20 16:59:59', '#FFD700', '0'),
(478, '17:00', 9, '2020-11-20 17:00:00', '2020-11-20 17:59:59', '#FFD700', '0'),
(479, '18:00', 9, '2020-11-20 18:00:00', '2020-11-20 18:59:59', '#FFD700', '0'),
(480, '19:00', 9, '2020-11-20 19:00:00', '2020-11-20 19:59:59', '#FFD700', '0'),
(481, '20:00', 9, '2020-11-20 20:00:00', '2020-11-20 20:59:59', '#FFD700', '0'),
(482, '08:00', 9, '2020-11-23 08:00:00', '2020-11-23 08:59:59', '#FFD700', '0'),
(483, '09:00', 9, '2020-11-23 09:00:00', '2020-11-23 09:59:59', '#FFD700', '0'),
(484, '10:00', 9, '2020-11-23 10:00:00', '2020-11-23 10:59:59', '#FFD700', '0'),
(485, '11:00', 9, '2020-11-23 11:00:00', '2020-11-23 11:59:59', '#FFD700', '0'),
(486, '12:00', 9, '2020-11-23 12:00:00', '2020-11-23 12:59:59', '#FFD700', '0'),
(487, '13:00', 9, '2020-11-23 13:00:00', '2020-11-23 13:59:59', '#FFD700', '0'),
(488, '14:00', 9, '2020-11-23 14:00:00', '2020-11-23 14:59:59', '#FFD700', '0'),
(489, '15:00', 9, '2020-11-23 15:00:00', '2020-11-23 15:59:59', '#FFD700', '0'),
(490, '16:00', 9, '2020-11-23 16:00:00', '2020-11-23 16:59:59', '#FFD700', '0'),
(491, '17:00', 9, '2020-11-23 17:00:00', '2020-11-23 17:59:59', '#FFD700', '0'),
(492, '18:00', 9, '2020-11-23 18:00:00', '2020-11-23 18:59:59', '#FFD700', '0'),
(493, '19:00', 9, '2020-11-23 19:00:00', '2020-11-23 19:59:59', '#FFD700', '0'),
(494, '20:00', 9, '2020-11-23 20:00:00', '2020-11-23 20:59:59', '#FFD700', '0'),
(495, '08:00', 9, '2020-11-24 08:00:00', '2020-11-24 08:59:59', '#FFD700', '0'),
(496, '09:00', 9, '2020-11-24 09:00:00', '2020-11-24 09:59:59', '#FFD700', '0'),
(497, '10:00', 9, '2020-11-24 10:00:00', '2020-11-24 10:59:59', '#FFD700', '0'),
(498, '11:00', 9, '2020-11-24 11:00:00', '2020-11-24 11:59:59', '#FFD700', '0'),
(499, '12:00', 9, '2020-11-24 12:00:00', '2020-11-24 12:59:59', '#FFD700', '0'),
(500, '13:00', 9, '2020-11-24 13:00:00', '2020-11-24 13:59:59', '#FFD700', '0'),
(501, '14:00', 9, '2020-11-24 14:00:00', '2020-11-24 14:59:59', '#FFD700', '0'),
(502, '15:00', 9, '2020-11-24 15:00:00', '2020-11-24 15:59:59', '#FFD700', '0'),
(503, '16:00', 9, '2020-11-24 16:00:00', '2020-11-24 16:59:59', '#FFD700', '0'),
(504, '17:00', 9, '2020-11-24 17:00:00', '2020-11-24 17:59:59', '#FFD700', '0'),
(505, '18:00', 9, '2020-11-24 18:00:00', '2020-11-24 18:59:59', '#FFD700', '0'),
(506, '19:00', 9, '2020-11-24 19:00:00', '2020-11-24 19:59:59', '#FFD700', '0'),
(507, '20:00', 9, '2020-11-24 20:00:00', '2020-11-24 20:59:59', '#FFD700', '0'),
(508, '08:00', 9, '2020-11-25 08:00:00', '2020-11-25 08:59:59', '#FFD700', '0'),
(509, '09:00', 9, '2020-11-25 09:00:00', '2020-11-25 09:59:59', '#FFD700', '0'),
(510, '10:00', 9, '2020-11-25 10:00:00', '2020-11-25 10:59:59', '#FFD700', '0'),
(511, '11:00', 9, '2020-11-25 11:00:00', '2020-11-25 11:59:59', '#FFD700', '0'),
(512, '12:00', 9, '2020-11-25 12:00:00', '2020-11-25 12:59:59', '#FFD700', '0'),
(513, '13:00', 9, '2020-11-25 13:00:00', '2020-11-25 13:59:59', '#FFD700', '0'),
(514, '14:00', 9, '2020-11-25 14:00:00', '2020-11-25 14:59:59', '#FFD700', '0'),
(515, '15:00', 9, '2020-11-25 15:00:00', '2020-11-25 15:59:59', '#FFD700', '0'),
(516, '16:00', 9, '2020-11-25 16:00:00', '2020-11-25 16:59:59', '#FFD700', '0'),
(517, '17:00', 9, '2020-11-25 17:00:00', '2020-11-25 17:59:59', '#FFD700', '0'),
(518, '18:00', 9, '2020-11-25 18:00:00', '2020-11-25 18:59:59', '#FFD700', '0'),
(519, '19:00', 9, '2020-11-25 19:00:00', '2020-11-25 19:59:59', '#FFD700', '0'),
(520, '20:00', 9, '2020-11-25 20:00:00', '2020-11-25 20:59:59', '#FFD700', '0'),
(521, '08:00', 9, '2020-11-26 08:00:00', '2020-11-26 08:59:59', '#FFD700', '0'),
(522, '09:00', 9, '2020-11-26 09:00:00', '2020-11-26 09:59:59', '#FFD700', '0'),
(523, '10:00', 9, '2020-11-26 10:00:00', '2020-11-26 10:59:59', '#FFD700', '0'),
(524, '11:00', 9, '2020-11-26 11:00:00', '2020-11-26 11:59:59', '#FFD700', '0'),
(525, '12:00', 9, '2020-11-26 12:00:00', '2020-11-26 12:59:59', '#FFD700', '0'),
(526, '13:00', 9, '2020-11-26 13:00:00', '2020-11-26 13:59:59', '#FFD700', '0'),
(527, '14:00', 9, '2020-11-26 14:00:00', '2020-11-26 14:59:59', '#FFD700', '0'),
(528, '15:00', 9, '2020-11-26 15:00:00', '2020-11-26 15:59:59', '#FFD700', '0'),
(529, '16:00', 9, '2020-11-26 16:00:00', '2020-11-26 16:59:59', '#FFD700', '0'),
(530, '17:00', 9, '2020-11-26 17:00:00', '2020-11-26 17:59:59', '#FFD700', '0'),
(531, '18:00', 9, '2020-11-26 18:00:00', '2020-11-26 18:59:59', '#FFD700', '0'),
(532, '19:00', 9, '2020-11-26 19:00:00', '2020-11-26 19:59:59', '#FFD700', '0'),
(533, '20:00', 9, '2020-11-26 20:00:00', '2020-11-26 20:59:59', '#FFD700', '0'),
(534, '08:00', 9, '2020-11-27 08:00:00', '2020-11-27 08:59:59', '#FFD700', '0'),
(535, '09:00', 9, '2020-11-27 09:00:00', '2020-11-27 09:59:59', '#FFD700', '0'),
(536, '10:00', 9, '2020-11-27 10:00:00', '2020-11-27 10:59:59', '#FFD700', '0'),
(537, '11:00', 9, '2020-11-27 11:00:00', '2020-11-27 11:59:59', '#FFD700', '0'),
(538, '12:00', 9, '2020-11-27 12:00:00', '2020-11-27 12:59:59', '#FFD700', '0'),
(539, '13:00', 9, '2020-11-27 13:00:00', '2020-11-27 13:59:59', '#FFD700', '0'),
(540, '14:00', 9, '2020-11-27 14:00:00', '2020-11-27 14:59:59', '#FFD700', '0'),
(541, '15:00', 9, '2020-11-27 15:00:00', '2020-11-27 15:59:59', '#FFD700', '0'),
(542, '16:00', 9, '2020-11-27 16:00:00', '2020-11-27 16:59:59', '#FFD700', '0'),
(543, '17:00', 9, '2020-11-27 17:00:00', '2020-11-27 17:59:59', '#FFD700', '0'),
(544, '18:00', 9, '2020-11-27 18:00:00', '2020-11-27 18:59:59', '#FFD700', '0'),
(545, '19:00', 9, '2020-11-27 19:00:00', '2020-11-27 19:59:59', '#FFD700', '0'),
(546, '20:00', 9, '2020-11-27 20:00:00', '2020-11-27 20:59:59', '#FFD700', '0'),
(547, '08:00', 9, '2020-12-01 08:00:00', '2020-12-01 08:59:59', '#FFD700', '0'),
(548, '09:00', 9, '2020-12-01 09:00:00', '2020-12-01 09:59:59', '#FFD700', '0'),
(549, '10:00', 9, '2020-12-01 10:00:00', '2020-12-01 10:59:59', '#FFD700', '0'),
(550, '11:00', 9, '2020-12-01 11:00:00', '2020-12-01 11:59:59', '#FFD700', '0'),
(551, '12:00', 9, '2020-12-01 12:00:00', '2020-12-01 12:59:59', '#FFD700', '0'),
(552, '13:00', 9, '2020-12-01 13:00:00', '2020-12-01 13:59:59', '#FFD700', '0'),
(553, '14:00', 9, '2020-12-01 14:00:00', '2020-12-01 14:59:59', '#FFD700', '0'),
(554, '15:00', 9, '2020-12-01 15:00:00', '2020-12-01 15:59:59', '#FFD700', '0'),
(555, '16:00', 9, '2020-12-01 16:00:00', '2020-12-01 16:59:59', '#FFD700', '0'),
(556, '17:00', 9, '2020-12-01 17:00:00', '2020-12-01 17:59:59', '#FFD700', '0'),
(557, '18:00', 9, '2020-12-01 18:00:00', '2020-12-01 18:59:59', '#FFD700', '0'),
(558, '19:00', 9, '2020-12-01 19:00:00', '2020-12-01 19:59:59', '#FFD700', '0'),
(559, '20:00', 9, '2020-12-01 20:00:00', '2020-12-01 20:59:59', '#FFD700', '0'),
(560, '08:00', 9, '2020-12-02 08:00:00', '2020-12-02 08:59:59', '#FFD700', '0'),
(561, '09:00', 9, '2020-12-02 09:00:00', '2020-12-02 09:59:59', '#FFD700', '0'),
(562, '10:00', 9, '2020-12-02 10:00:00', '2020-12-02 10:59:59', '#FFD700', '0'),
(563, '11:00', 9, '2020-12-02 11:00:00', '2020-12-02 11:59:59', '#FFD700', '0'),
(564, '12:00', 9, '2020-12-02 12:00:00', '2020-12-02 12:59:59', '#FFD700', '0'),
(565, '13:00', 9, '2020-12-02 13:00:00', '2020-12-02 13:59:59', '#FFD700', '0'),
(566, '14:00', 9, '2020-12-02 14:00:00', '2020-12-02 14:59:59', '#FFD700', '0'),
(567, '15:00', 9, '2020-12-02 15:00:00', '2020-12-02 15:59:59', '#FFD700', '0'),
(568, '16:00', 9, '2020-12-02 16:00:00', '2020-12-02 16:59:59', '#FFD700', '0'),
(569, '17:00', 9, '2020-12-02 17:00:00', '2020-12-02 17:59:59', '#FFD700', '0'),
(570, '18:00', 9, '2020-12-02 18:00:00', '2020-12-02 18:59:59', '#FFD700', '0'),
(571, '19:00', 9, '2020-12-02 19:00:00', '2020-12-02 19:59:59', '#FFD700', '0'),
(572, '20:00', 9, '2020-12-02 20:00:00', '2020-12-02 20:59:59', '#FFD700', '0'),
(573, '08:00', 9, '2020-12-03 08:00:00', '2020-12-03 08:59:59', '#FFD700', '0'),
(574, '09:00', 9, '2020-12-03 09:00:00', '2020-12-03 09:59:59', '#FFD700', '0'),
(575, '10:00', 9, '2020-12-03 10:00:00', '2020-12-03 10:59:59', '#FFD700', '0'),
(576, '11:00', 9, '2020-12-03 11:00:00', '2020-12-03 11:59:59', '#FFD700', '0'),
(577, '12:00', 9, '2020-12-03 12:00:00', '2020-12-03 12:59:59', '#FFD700', '0'),
(578, '13:00', 9, '2020-12-03 13:00:00', '2020-12-03 13:59:59', '#FFD700', '0'),
(579, '14:00', 9, '2020-12-03 14:00:00', '2020-12-03 14:59:59', '#FFD700', '0'),
(580, '15:00', 9, '2020-12-03 15:00:00', '2020-12-03 15:59:59', '#FFD700', '0'),
(581, '16:00', 9, '2020-12-03 16:00:00', '2020-12-03 16:59:59', '#FFD700', '0'),
(582, '17:00', 9, '2020-12-03 17:00:00', '2020-12-03 17:59:59', '#FFD700', '0'),
(583, '18:00', 9, '2020-12-03 18:00:00', '2020-12-03 18:59:59', '#FFD700', '0'),
(584, '19:00', 9, '2020-12-03 19:00:00', '2020-12-03 19:59:59', '#FFD700', '0'),
(585, '20:00', 9, '2020-12-03 20:00:00', '2020-12-03 20:59:59', '#FFD700', '0'),
(586, '08:00', 9, '2020-12-04 08:00:00', '2020-12-04 08:59:59', '#FFD700', '0'),
(587, '09:00', 9, '2020-12-04 09:00:00', '2020-12-04 09:59:59', '#FFD700', '0'),
(588, '10:00', 9, '2020-12-04 10:00:00', '2020-12-04 10:59:59', '#FFD700', '0'),
(589, '11:00', 9, '2020-12-04 11:00:00', '2020-12-04 11:59:59', '#FFD700', '0'),
(590, '12:00', 9, '2020-12-04 12:00:00', '2020-12-04 12:59:59', '#FFD700', '0'),
(591, '13:00', 9, '2020-12-04 13:00:00', '2020-12-04 13:59:59', '#FFD700', '0'),
(592, '14:00', 9, '2020-12-04 14:00:00', '2020-12-04 14:59:59', '#FFD700', '0'),
(593, '15:00', 9, '2020-12-04 15:00:00', '2020-12-04 15:59:59', '#FFD700', '0'),
(594, '16:00', 9, '2020-12-04 16:00:00', '2020-12-04 16:59:59', '#FFD700', '0'),
(595, '17:00', 9, '2020-12-04 17:00:00', '2020-12-04 17:59:59', '#FFD700', '0'),
(596, '18:00', 9, '2020-12-04 18:00:00', '2020-12-04 18:59:59', '#FFD700', '0'),
(597, '19:00', 9, '2020-12-04 19:00:00', '2020-12-04 19:59:59', '#FFD700', '0'),
(598, '20:00', 9, '2020-12-04 20:00:00', '2020-12-04 20:59:59', '#FFD700', '0'),
(599, '08:00', 9, '2020-12-07 08:00:00', '2020-12-07 08:59:59', '#FFD700', '0'),
(600, '09:00', 9, '2020-12-07 09:00:00', '2020-12-07 09:59:59', '#FFD700', '0'),
(601, '10:00', 9, '2020-12-07 10:00:00', '2020-12-07 10:59:59', '#FFD700', '0'),
(602, '11:00', 9, '2020-12-07 11:00:00', '2020-12-07 11:59:59', '#FFD700', '0'),
(603, '12:00', 9, '2020-12-07 12:00:00', '2020-12-07 12:59:59', '#FFD700', '0'),
(604, '13:00', 9, '2020-12-07 13:00:00', '2020-12-07 13:59:59', '#FFD700', '0'),
(605, '14:00', 9, '2020-12-07 14:00:00', '2020-12-07 14:59:59', '#FFD700', '0'),
(606, '15:00', 9, '2020-12-07 15:00:00', '2020-12-07 15:59:59', '#FFD700', '0'),
(607, '16:00', 9, '2020-12-07 16:00:00', '2020-12-07 16:59:59', '#FFD700', '0'),
(608, '17:00', 9, '2020-12-07 17:00:00', '2020-12-07 17:59:59', '#FFD700', '0'),
(609, '18:00', 9, '2020-12-07 18:00:00', '2020-12-07 18:59:59', '#FFD700', '0'),
(610, '19:00', 9, '2020-12-07 19:00:00', '2020-12-07 19:59:59', '#FFD700', '0'),
(611, '20:00', 9, '2020-12-07 20:00:00', '2020-12-07 20:59:59', '#FFD700', '0'),
(612, '08:00', 9, '2020-12-08 08:00:00', '2020-12-08 08:59:59', '#FFD700', '0'),
(613, '09:00', 9, '2020-12-08 09:00:00', '2020-12-08 09:59:59', '#FFD700', '0'),
(614, '10:00', 9, '2020-12-08 10:00:00', '2020-12-08 10:59:59', '#FFD700', '0'),
(615, '11:00', 9, '2020-12-08 11:00:00', '2020-12-08 11:59:59', '#FFD700', '0'),
(616, '12:00', 9, '2020-12-08 12:00:00', '2020-12-08 12:59:59', '#FFD700', '0'),
(617, '13:00', 9, '2020-12-08 13:00:00', '2020-12-08 13:59:59', '#FFD700', '0'),
(618, '14:00', 9, '2020-12-08 14:00:00', '2020-12-08 14:59:59', '#FFD700', '0'),
(619, '15:00', 9, '2020-12-08 15:00:00', '2020-12-08 15:59:59', '#FFD700', '0'),
(620, '16:00', 9, '2020-12-08 16:00:00', '2020-12-08 16:59:59', '#FFD700', '0'),
(621, '17:00', 9, '2020-12-08 17:00:00', '2020-12-08 17:59:59', '#FFD700', '0'),
(622, '18:00', 9, '2020-12-08 18:00:00', '2020-12-08 18:59:59', '#FFD700', '0'),
(623, '19:00', 9, '2020-12-08 19:00:00', '2020-12-08 19:59:59', '#FFD700', '0'),
(624, '20:00', 9, '2020-12-08 20:00:00', '2020-12-08 20:59:59', '#FFD700', '0'),
(625, '08:00', 9, '2020-12-09 08:00:00', '2020-12-09 08:59:59', '#FFD700', '0'),
(626, '09:00', 9, '2020-12-09 09:00:00', '2020-12-09 09:59:59', '#FFD700', '0'),
(627, '10:00', 9, '2020-12-09 10:00:00', '2020-12-09 10:59:59', '#FFD700', '0'),
(628, '11:00', 9, '2020-12-09 11:00:00', '2020-12-09 11:59:59', '#FFD700', '0'),
(629, '12:00', 9, '2020-12-09 12:00:00', '2020-12-09 12:59:59', '#FFD700', '0'),
(630, '13:00', 9, '2020-12-09 13:00:00', '2020-12-09 13:59:59', '#FFD700', '0'),
(631, '14:00', 9, '2020-12-09 14:00:00', '2020-12-09 14:59:59', '#FFD700', '0'),
(632, '15:00', 9, '2020-12-09 15:00:00', '2020-12-09 15:59:59', '#FFD700', '0');
INSERT INTO `ci_appointment_set` (`id`, `title`, `people_num`, `start`, `end`, `color`, `isdelete`) VALUES
(633, '16:00', 9, '2020-12-09 16:00:00', '2020-12-09 16:59:59', '#FFD700', '0'),
(634, '17:00', 9, '2020-12-09 17:00:00', '2020-12-09 17:59:59', '#FFD700', '0'),
(635, '18:00', 9, '2020-12-09 18:00:00', '2020-12-09 18:59:59', '#FFD700', '0'),
(636, '19:00', 9, '2020-12-09 19:00:00', '2020-12-09 19:59:59', '#FFD700', '0'),
(637, '20:00', 9, '2020-12-09 20:00:00', '2020-12-09 20:59:59', '#FFD700', '0'),
(638, '08:00', 9, '2020-12-10 08:00:00', '2020-12-10 08:59:59', '#FFD700', '0'),
(639, '09:00', 9, '2020-12-10 09:00:00', '2020-12-10 09:59:59', '#FFD700', '0'),
(640, '10:00', 9, '2020-12-10 10:00:00', '2020-12-10 10:59:59', '#FFD700', '0'),
(641, '11:00', 9, '2020-12-10 11:00:00', '2020-12-10 11:59:59', '#FFD700', '0'),
(642, '12:00', 9, '2020-12-10 12:00:00', '2020-12-10 12:59:59', '#FFD700', '0'),
(643, '13:00', 9, '2020-12-10 13:00:00', '2020-12-10 13:59:59', '#FFD700', '0'),
(644, '14:00', 9, '2020-12-10 14:00:00', '2020-12-10 14:59:59', '#FFD700', '0'),
(645, '15:00', 9, '2020-12-10 15:00:00', '2020-12-10 15:59:59', '#FFD700', '0'),
(646, '16:00', 9, '2020-12-10 16:00:00', '2020-12-10 16:59:59', '#FFD700', '0'),
(647, '17:00', 9, '2020-12-10 17:00:00', '2020-12-10 17:59:59', '#FFD700', '0'),
(648, '18:00', 9, '2020-12-10 18:00:00', '2020-12-10 18:59:59', '#FFD700', '0'),
(649, '19:00', 9, '2020-12-10 19:00:00', '2020-12-10 19:59:59', '#FFD700', '0'),
(650, '20:00', 9, '2020-12-10 20:00:00', '2020-12-10 20:59:59', '#FFD700', '0'),
(651, '08:00', 9, '2020-12-11 08:00:00', '2020-12-11 08:59:59', '#FFD700', '0'),
(652, '09:00', 9, '2020-12-11 09:00:00', '2020-12-11 09:59:59', '#FFD700', '0'),
(653, '10:00', 9, '2020-12-11 10:00:00', '2020-12-11 10:59:59', '#FFD700', '0'),
(654, '11:00', 9, '2020-12-11 11:00:00', '2020-12-11 11:59:59', '#FFD700', '0'),
(655, '12:00', 9, '2020-12-11 12:00:00', '2020-12-11 12:59:59', '#FFD700', '0'),
(656, '13:00', 9, '2020-12-11 13:00:00', '2020-12-11 13:59:59', '#FFD700', '0'),
(657, '14:00', 9, '2020-12-11 14:00:00', '2020-12-11 14:59:59', '#FFD700', '0'),
(658, '15:00', 9, '2020-12-11 15:00:00', '2020-12-11 15:59:59', '#FFD700', '0'),
(659, '16:00', 9, '2020-12-11 16:00:00', '2020-12-11 16:59:59', '#FFD700', '0'),
(660, '17:00', 9, '2020-12-11 17:00:00', '2020-12-11 17:59:59', '#FFD700', '0'),
(661, '18:00', 9, '2020-12-11 18:00:00', '2020-12-11 18:59:59', '#FFD700', '0'),
(662, '19:00', 9, '2020-12-11 19:00:00', '2020-12-11 19:59:59', '#FFD700', '0'),
(663, '20:00', 9, '2020-12-11 20:00:00', '2020-12-11 20:59:59', '#FFD700', '0'),
(664, '08:00', 9, '2020-12-14 08:00:00', '2020-12-14 08:59:59', '#FFD700', '0'),
(665, '09:00', 9, '2020-12-14 09:00:00', '2020-12-14 09:59:59', '#FFD700', '0'),
(666, '10:00', 9, '2020-12-14 10:00:00', '2020-12-14 10:59:59', '#FFD700', '0'),
(667, '11:00', 9, '2020-12-14 11:00:00', '2020-12-14 11:59:59', '#FFD700', '0'),
(668, '12:00', 9, '2020-12-14 12:00:00', '2020-12-14 12:59:59', '#FFD700', '0'),
(669, '13:00', 9, '2020-12-14 13:00:00', '2020-12-14 13:59:59', '#FFD700', '0'),
(670, '14:00', 9, '2020-12-14 14:00:00', '2020-12-14 14:59:59', '#FFD700', '0'),
(671, '15:00', 9, '2020-12-14 15:00:00', '2020-12-14 15:59:59', '#FFD700', '0'),
(672, '16:00', 9, '2020-12-14 16:00:00', '2020-12-14 16:59:59', '#FFD700', '0'),
(673, '17:00', 9, '2020-12-14 17:00:00', '2020-12-14 17:59:59', '#FFD700', '0'),
(674, '18:00', 9, '2020-12-14 18:00:00', '2020-12-14 18:59:59', '#FFD700', '0'),
(675, '19:00', 9, '2020-12-14 19:00:00', '2020-12-14 19:59:59', '#FFD700', '0'),
(676, '20:00', 9, '2020-12-14 20:00:00', '2020-12-14 20:59:59', '#FFD700', '0'),
(677, '08:00', 9, '2020-12-15 08:00:00', '2020-12-15 08:59:59', '#FFD700', '0'),
(678, '09:00', 9, '2020-12-15 09:00:00', '2020-12-15 09:59:59', '#FFD700', '0'),
(679, '10:00', 9, '2020-12-15 10:00:00', '2020-12-15 10:59:59', '#FFD700', '0'),
(680, '11:00', 9, '2020-12-15 11:00:00', '2020-12-15 11:59:59', '#FFD700', '0'),
(681, '12:00', 9, '2020-12-15 12:00:00', '2020-12-15 12:59:59', '#FFD700', '0'),
(682, '13:00', 9, '2020-12-15 13:00:00', '2020-12-15 13:59:59', '#FFD700', '0'),
(683, '14:00', 9, '2020-12-15 14:00:00', '2020-12-15 14:59:59', '#FFD700', '0'),
(684, '15:00', 9, '2020-12-15 15:00:00', '2020-12-15 15:59:59', '#FFD700', '0'),
(685, '16:00', 9, '2020-12-15 16:00:00', '2020-12-15 16:59:59', '#FFD700', '0'),
(686, '17:00', 9, '2020-12-15 17:00:00', '2020-12-15 17:59:59', '#FFD700', '0'),
(687, '18:00', 9, '2020-12-15 18:00:00', '2020-12-15 18:59:59', '#FFD700', '0'),
(688, '19:00', 9, '2020-12-15 19:00:00', '2020-12-15 19:59:59', '#FFD700', '0'),
(689, '20:00', 9, '2020-12-15 20:00:00', '2020-12-15 20:59:59', '#FFD700', '0'),
(690, '08:00', 9, '2020-12-16 08:00:00', '2020-12-16 08:59:59', '#FFD700', '0'),
(691, '09:00', 9, '2020-12-16 09:00:00', '2020-12-16 09:59:59', '#FFD700', '0'),
(692, '10:00', 9, '2020-12-16 10:00:00', '2020-12-16 10:59:59', '#FFD700', '0'),
(693, '11:00', 9, '2020-12-16 11:00:00', '2020-12-16 11:59:59', '#FFD700', '0'),
(694, '12:00', 9, '2020-12-16 12:00:00', '2020-12-16 12:59:59', '#FFD700', '0'),
(695, '13:00', 9, '2020-12-16 13:00:00', '2020-12-16 13:59:59', '#FFD700', '0'),
(696, '14:00', 9, '2020-12-16 14:00:00', '2020-12-16 14:59:59', '#FFD700', '0'),
(697, '15:00', 9, '2020-12-16 15:00:00', '2020-12-16 15:59:59', '#FFD700', '0'),
(698, '16:00', 9, '2020-12-16 16:00:00', '2020-12-16 16:59:59', '#FFD700', '0'),
(699, '17:00', 9, '2020-12-16 17:00:00', '2020-12-16 17:59:59', '#FFD700', '0'),
(700, '18:00', 9, '2020-12-16 18:00:00', '2020-12-16 18:59:59', '#FFD700', '0'),
(701, '19:00', 9, '2020-12-16 19:00:00', '2020-12-16 19:59:59', '#FFD700', '0'),
(702, '20:00', 9, '2020-12-16 20:00:00', '2020-12-16 20:59:59', '#FFD700', '0'),
(703, '08:00', 9, '2020-12-17 08:00:00', '2020-12-17 08:59:59', '#FFD700', '0'),
(704, '09:00', 9, '2020-12-17 09:00:00', '2020-12-17 09:59:59', '#FFD700', '0'),
(705, '10:00', 9, '2020-12-17 10:00:00', '2020-12-17 10:59:59', '#FFD700', '0'),
(706, '11:00', 9, '2020-12-17 11:00:00', '2020-12-17 11:59:59', '#FFD700', '0'),
(707, '12:00', 9, '2020-12-17 12:00:00', '2020-12-17 12:59:59', '#FFD700', '0'),
(708, '13:00', 9, '2020-12-17 13:00:00', '2020-12-17 13:59:59', '#FFD700', '0'),
(709, '14:00', 9, '2020-12-17 14:00:00', '2020-12-17 14:59:59', '#FFD700', '0'),
(710, '15:00', 9, '2020-12-17 15:00:00', '2020-12-17 15:59:59', '#FFD700', '0'),
(711, '16:00', 9, '2020-12-17 16:00:00', '2020-12-17 16:59:59', '#FFD700', '0'),
(712, '17:00', 9, '2020-12-17 17:00:00', '2020-12-17 17:59:59', '#FFD700', '0'),
(713, '18:00', 9, '2020-12-17 18:00:00', '2020-12-17 18:59:59', '#FFD700', '0'),
(714, '19:00', 9, '2020-12-17 19:00:00', '2020-12-17 19:59:59', '#FFD700', '0'),
(715, '20:00', 9, '2020-12-17 20:00:00', '2020-12-17 20:59:59', '#FFD700', '0'),
(716, '08:00', 9, '2020-12-18 08:00:00', '2020-12-18 08:59:59', '#FFD700', '0'),
(717, '09:00', 9, '2020-12-18 09:00:00', '2020-12-18 09:59:59', '#FFD700', '0'),
(718, '10:00', 9, '2020-12-18 10:00:00', '2020-12-18 10:59:59', '#FFD700', '0'),
(719, '11:00', 9, '2020-12-18 11:00:00', '2020-12-18 11:59:59', '#FFD700', '0'),
(720, '12:00', 9, '2020-12-18 12:00:00', '2020-12-18 12:59:59', '#FFD700', '0'),
(721, '13:00', 9, '2020-12-18 13:00:00', '2020-12-18 13:59:59', '#FFD700', '0'),
(722, '14:00', 9, '2020-12-18 14:00:00', '2020-12-18 14:59:59', '#FFD700', '0'),
(723, '15:00', 9, '2020-12-18 15:00:00', '2020-12-18 15:59:59', '#FFD700', '0'),
(724, '16:00', 9, '2020-12-18 16:00:00', '2020-12-18 16:59:59', '#FFD700', '0'),
(725, '17:00', 9, '2020-12-18 17:00:00', '2020-12-18 17:59:59', '#FFD700', '0'),
(726, '18:00', 9, '2020-12-18 18:00:00', '2020-12-18 18:59:59', '#FFD700', '0'),
(727, '19:00', 9, '2020-12-18 19:00:00', '2020-12-18 19:59:59', '#FFD700', '0'),
(728, '20:00', 9, '2020-12-18 20:00:00', '2020-12-18 20:59:59', '#FFD700', '0'),
(729, '08:00', 9, '2020-12-21 08:00:00', '2020-12-21 08:59:59', '#FFD700', '0'),
(730, '09:00', 9, '2020-12-21 09:00:00', '2020-12-21 09:59:59', '#FFD700', '0'),
(731, '10:00', 9, '2020-12-21 10:00:00', '2020-12-21 10:59:59', '#FFD700', '0'),
(732, '11:00', 9, '2020-12-21 11:00:00', '2020-12-21 11:59:59', '#FFD700', '0'),
(733, '12:00', 9, '2020-12-21 12:00:00', '2020-12-21 12:59:59', '#FFD700', '0'),
(734, '13:00', 9, '2020-12-21 13:00:00', '2020-12-21 13:59:59', '#FFD700', '0'),
(735, '14:00', 9, '2020-12-21 14:00:00', '2020-12-21 14:59:59', '#FFD700', '0'),
(736, '15:00', 9, '2020-12-21 15:00:00', '2020-12-21 15:59:59', '#FFD700', '0'),
(737, '16:00', 9, '2020-12-21 16:00:00', '2020-12-21 16:59:59', '#FFD700', '0'),
(738, '17:00', 9, '2020-12-21 17:00:00', '2020-12-21 17:59:59', '#FFD700', '0'),
(739, '18:00', 9, '2020-12-21 18:00:00', '2020-12-21 18:59:59', '#FFD700', '0'),
(740, '19:00', 9, '2020-12-21 19:00:00', '2020-12-21 19:59:59', '#FFD700', '0'),
(741, '20:00', 9, '2020-12-21 20:00:00', '2020-12-21 20:59:59', '#FFD700', '0'),
(742, '08:00', 9, '2020-12-22 08:00:00', '2020-12-22 08:59:59', '#FFD700', '0'),
(743, '09:00', 9, '2020-12-22 09:00:00', '2020-12-22 09:59:59', '#FFD700', '0'),
(744, '10:00', 9, '2020-12-22 10:00:00', '2020-12-22 10:59:59', '#FFD700', '0'),
(745, '11:00', 9, '2020-12-22 11:00:00', '2020-12-22 11:59:59', '#FFD700', '0'),
(746, '12:00', 9, '2020-12-22 12:00:00', '2020-12-22 12:59:59', '#FFD700', '0'),
(747, '13:00', 9, '2020-12-22 13:00:00', '2020-12-22 13:59:59', '#FFD700', '0'),
(748, '14:00', 9, '2020-12-22 14:00:00', '2020-12-22 14:59:59', '#FFD700', '0'),
(749, '15:00', 9, '2020-12-22 15:00:00', '2020-12-22 15:59:59', '#FFD700', '0'),
(750, '16:00', 9, '2020-12-22 16:00:00', '2020-12-22 16:59:59', '#FFD700', '0'),
(751, '17:00', 9, '2020-12-22 17:00:00', '2020-12-22 17:59:59', '#FFD700', '0'),
(752, '18:00', 9, '2020-12-22 18:00:00', '2020-12-22 18:59:59', '#FFD700', '0'),
(753, '19:00', 9, '2020-12-22 19:00:00', '2020-12-22 19:59:59', '#FFD700', '0'),
(754, '20:00', 9, '2020-12-22 20:00:00', '2020-12-22 20:59:59', '#FFD700', '0'),
(755, '08:00', 9, '2020-12-23 08:00:00', '2020-12-23 08:59:59', '#FFD700', '0'),
(756, '09:00', 9, '2020-12-23 09:00:00', '2020-12-23 09:59:59', '#FFD700', '0'),
(757, '10:00', 9, '2020-12-23 10:00:00', '2020-12-23 10:59:59', '#FFD700', '0'),
(758, '11:00', 9, '2020-12-23 11:00:00', '2020-12-23 11:59:59', '#FFD700', '0'),
(759, '12:00', 9, '2020-12-23 12:00:00', '2020-12-23 12:59:59', '#FFD700', '0'),
(760, '13:00', 9, '2020-12-23 13:00:00', '2020-12-23 13:59:59', '#FFD700', '0'),
(761, '14:00', 9, '2020-12-23 14:00:00', '2020-12-23 14:59:59', '#FFD700', '0'),
(762, '15:00', 9, '2020-12-23 15:00:00', '2020-12-23 15:59:59', '#FFD700', '0'),
(763, '16:00', 9, '2020-12-23 16:00:00', '2020-12-23 16:59:59', '#FFD700', '0'),
(764, '17:00', 9, '2020-12-23 17:00:00', '2020-12-23 17:59:59', '#FFD700', '0'),
(765, '18:00', 9, '2020-12-23 18:00:00', '2020-12-23 18:59:59', '#FFD700', '0'),
(766, '19:00', 9, '2020-12-23 19:00:00', '2020-12-23 19:59:59', '#FFD700', '0'),
(767, '20:00', 9, '2020-12-23 20:00:00', '2020-12-23 20:59:59', '#FFD700', '0'),
(768, '08:00', 9, '2020-12-24 08:00:00', '2020-12-24 08:59:59', '#FFD700', '0'),
(769, '09:00', 9, '2020-12-24 09:00:00', '2020-12-24 09:59:59', '#FFD700', '0'),
(770, '10:00', 9, '2020-12-24 10:00:00', '2020-12-24 10:59:59', '#FFD700', '0'),
(771, '11:00', 9, '2020-12-24 11:00:00', '2020-12-24 11:59:59', '#FFD700', '0'),
(772, '12:00', 9, '2020-12-24 12:00:00', '2020-12-24 12:59:59', '#FFD700', '0'),
(773, '13:00', 9, '2020-12-24 13:00:00', '2020-12-24 13:59:59', '#FFD700', '0'),
(774, '14:00', 9, '2020-12-24 14:00:00', '2020-12-24 14:59:59', '#FFD700', '0'),
(775, '15:00', 9, '2020-12-24 15:00:00', '2020-12-24 15:59:59', '#FFD700', '0'),
(776, '16:00', 9, '2020-12-24 16:00:00', '2020-12-24 16:59:59', '#FFD700', '0'),
(777, '17:00', 9, '2020-12-24 17:00:00', '2020-12-24 17:59:59', '#FFD700', '0'),
(778, '18:00', 9, '2020-12-24 18:00:00', '2020-12-24 18:59:59', '#FFD700', '0'),
(779, '19:00', 9, '2020-12-24 19:00:00', '2020-12-24 19:59:59', '#FFD700', '0'),
(780, '20:00', 9, '2020-12-24 20:00:00', '2020-12-24 20:59:59', '#FFD700', '0'),
(781, '08:00', 9, '2020-12-25 08:00:00', '2020-12-25 08:59:59', '#FFD700', '0'),
(782, '09:00', 9, '2020-12-25 09:00:00', '2020-12-25 09:59:59', '#FFD700', '0'),
(783, '10:00', 9, '2020-12-25 10:00:00', '2020-12-25 10:59:59', '#FFD700', '0'),
(784, '11:00', 9, '2020-12-25 11:00:00', '2020-12-25 11:59:59', '#FFD700', '0'),
(785, '12:00', 9, '2020-12-25 12:00:00', '2020-12-25 12:59:59', '#FFD700', '0'),
(786, '13:00', 9, '2020-12-25 13:00:00', '2020-12-25 13:59:59', '#FFD700', '0'),
(787, '14:00', 9, '2020-12-25 14:00:00', '2020-12-25 14:59:59', '#FFD700', '0'),
(788, '15:00', 9, '2020-12-25 15:00:00', '2020-12-25 15:59:59', '#FFD700', '0'),
(789, '16:00', 9, '2020-12-25 16:00:00', '2020-12-25 16:59:59', '#FFD700', '0'),
(790, '17:00', 9, '2020-12-25 17:00:00', '2020-12-25 17:59:59', '#FFD700', '0'),
(791, '18:00', 9, '2020-12-25 18:00:00', '2020-12-25 18:59:59', '#FFD700', '0'),
(792, '19:00', 9, '2020-12-25 19:00:00', '2020-12-25 19:59:59', '#FFD700', '0'),
(793, '20:00', 9, '2020-12-25 20:00:00', '2020-12-25 20:59:59', '#FFD700', '0'),
(794, '08:00', 9, '2020-12-28 08:00:00', '2020-12-28 08:59:59', '#FFD700', '0'),
(795, '09:00', 9, '2020-12-28 09:00:00', '2020-12-28 09:59:59', '#FFD700', '0'),
(796, '10:00', 9, '2020-12-28 10:00:00', '2020-12-28 10:59:59', '#FFD700', '0'),
(797, '11:00', 9, '2020-12-28 11:00:00', '2020-12-28 11:59:59', '#FFD700', '0'),
(798, '12:00', 9, '2020-12-28 12:00:00', '2020-12-28 12:59:59', '#FFD700', '0'),
(799, '13:00', 9, '2020-12-28 13:00:00', '2020-12-28 13:59:59', '#FFD700', '0'),
(800, '14:00', 9, '2020-12-28 14:00:00', '2020-12-28 14:59:59', '#FFD700', '0'),
(801, '15:00', 9, '2020-12-28 15:00:00', '2020-12-28 15:59:59', '#FFD700', '0'),
(802, '16:00', 9, '2020-12-28 16:00:00', '2020-12-28 16:59:59', '#FFD700', '0'),
(803, '17:00', 9, '2020-12-28 17:00:00', '2020-12-28 17:59:59', '#FFD700', '0'),
(804, '18:00', 9, '2020-12-28 18:00:00', '2020-12-28 18:59:59', '#FFD700', '0'),
(805, '19:00', 9, '2020-12-28 19:00:00', '2020-12-28 19:59:59', '#FFD700', '0'),
(806, '20:00', 9, '2020-12-28 20:00:00', '2020-12-28 20:59:59', '#FFD700', '0'),
(807, '08:00', 9, '2020-12-29 08:00:00', '2020-12-29 08:59:59', '#FFD700', '0'),
(808, '09:00', 9, '2020-12-29 09:00:00', '2020-12-29 09:59:59', '#FFD700', '0'),
(809, '10:00', 9, '2020-12-29 10:00:00', '2020-12-29 10:59:59', '#FFD700', '0'),
(810, '11:00', 9, '2020-12-29 11:00:00', '2020-12-29 11:59:59', '#FFD700', '0'),
(811, '12:00', 9, '2020-12-29 12:00:00', '2020-12-29 12:59:59', '#FFD700', '0'),
(812, '13:00', 9, '2020-12-29 13:00:00', '2020-12-29 13:59:59', '#FFD700', '0'),
(813, '14:00', 9, '2020-12-29 14:00:00', '2020-12-29 14:59:59', '#FFD700', '0'),
(814, '15:00', 9, '2020-12-29 15:00:00', '2020-12-29 15:59:59', '#FFD700', '0'),
(815, '16:00', 9, '2020-12-29 16:00:00', '2020-12-29 16:59:59', '#FFD700', '0'),
(816, '17:00', 9, '2020-12-29 17:00:00', '2020-12-29 17:59:59', '#FFD700', '0'),
(817, '18:00', 9, '2020-12-29 18:00:00', '2020-12-29 18:59:59', '#FFD700', '0'),
(818, '19:00', 9, '2020-12-29 19:00:00', '2020-12-29 19:59:59', '#FFD700', '0'),
(819, '20:00', 9, '2020-12-29 20:00:00', '2020-12-29 20:59:59', '#FFD700', '0'),
(820, '08:00', 9, '2020-12-30 08:00:00', '2020-12-30 08:59:59', '#FFD700', '0'),
(821, '09:00', 9, '2020-12-30 09:00:00', '2020-12-30 09:59:59', '#FFD700', '0'),
(822, '10:00', 9, '2020-12-30 10:00:00', '2020-12-30 10:59:59', '#FFD700', '0'),
(823, '11:00', 9, '2020-12-30 11:00:00', '2020-12-30 11:59:59', '#FFD700', '0'),
(824, '12:00', 9, '2020-12-30 12:00:00', '2020-12-30 12:59:59', '#FFD700', '0'),
(825, '13:00', 9, '2020-12-30 13:00:00', '2020-12-30 13:59:59', '#FFD700', '0'),
(826, '14:00', 9, '2020-12-30 14:00:00', '2020-12-30 14:59:59', '#FFD700', '0'),
(827, '15:00', 9, '2020-12-30 15:00:00', '2020-12-30 15:59:59', '#FFD700', '0'),
(828, '16:00', 9, '2020-12-30 16:00:00', '2020-12-30 16:59:59', '#FFD700', '0'),
(829, '17:00', 9, '2020-12-30 17:00:00', '2020-12-30 17:59:59', '#FFD700', '0'),
(830, '18:00', 9, '2020-12-30 18:00:00', '2020-12-30 18:59:59', '#FFD700', '0'),
(831, '19:00', 9, '2020-12-30 19:00:00', '2020-12-30 19:59:59', '#FFD700', '0'),
(832, '20:00', 9, '2020-12-30 20:00:00', '2020-12-30 20:59:59', '#FFD700', '0'),
(833, '休', 0, '2020-11-30 00:00:00', '0000-00-00 00:00:00', '#0071c5', '0'),
(839, '休', 0, '2020-11-30 19:00:00', '2020-11-30 20:59:59', '#FF0000', '0');

-- --------------------------------------------------------

--
-- 表的结构 `ci_checkbox_set`
--

CREATE TABLE `ci_checkbox_set` (
  `id` int(10) UNSIGNED NOT NULL,
  `pid` int(10) NOT NULL,
  `title` varchar(64) CHARACTER SET utf8 DEFAULT NULL,
  `remark` varchar(255) CHARACTER SET utf8 DEFAULT '',
  `title_sub` varchar(64) DEFAULT NULL,
  `remark_sub` varchar(255) DEFAULT NULL,
  `group_id` int(10) DEFAULT '1',
  `num_sub` tinyint(4) DEFAULT '1' COMMENT '1234',
  `show_sub` varchar(255) DEFAULT NULL,
  `sort` int(10) DEFAULT '0' COMMENT '番号',
  `status` enum('0','1') CHARACTER SET utf8 NOT NULL DEFAULT '1' COMMENT '有効状態（0-無効，1-有効）',
  `isdelete` enum('0','1') CHARACTER SET utf8 NOT NULL DEFAULT '0' COMMENT '软削除状態（0-未削除，1-已削除）',
  `create_time` int(10) DEFAULT '0',
  `update_time` int(10) DEFAULT '0'
) ENGINE=MyISAM DEFAULT CHARSET=utf8mb4 ROW_FORMAT=DYNAMIC;

--
-- 转存表中的数据 `ci_checkbox_set`
--

INSERT INTO `ci_checkbox_set` (`id`, `pid`, `title`, `remark`, `title_sub`, `remark_sub`, `group_id`, `num_sub`, `show_sub`, `sort`, `status`, `isdelete`, `create_time`, `update_time`) VALUES
(1, 0, '即日検査', '即日検査', NULL, NULL, 1, 0, '[\"1\",\"2\"]', 0, '1', '0', 1600330963, 1600330963),
(2, 0, '通常検査', '通常検査', NULL, NULL, 1, 0, '[\"1\",\"2\"]', 0, '1', '0', 1600330963, 1600330963),
(3, 0, '即日＋通常検査', '即日＋通常検査', NULL, NULL, 1, 0, '[\"1\"]', 0, '1', '0', 1600330963, 1600330963),
(4, 0, '即日検査・治療', '即日検査・治療', NULL, NULL, 1, 0, '[\"1\",\"2\",\"3\"]', 0, '1', '0', 1600330963, 1600330963),
(5, 0, '通常検査・治療', '通常検査・治療', NULL, NULL, 1, 0, '[\"1\",\"2\",\"3\"]', 0, '1', '0', 1600330963, 1600330963),
(6, 0, '即日+通常検査・治療', '即日+通常検査・治療', NULL, NULL, 1, 0, '[\"1\",\"2\",\"3\"]', 0, '1', '0', 1600330963, 1600330963),
(7, 0, 'テスト', 'テスト', NULL, NULL, 1, 0, '[\"1\",\"2\",\"3\"]', 0, '1', '0', 1600330963, 1600330963),
(8, 6, NULL, '', '【即日10分プラン】ベーシック', '', 1, 1, NULL, 0, '1', '0', 1600393283, 1600393283),
(9, 1, NULL, '', '【即日10分プラン】ベーシック', '', 1, 1, NULL, 0, '1', '0', 1600393512, 1600393512),
(10, 1, NULL, '', '【即日10分プラン】ベーシックのど', '', 1, 1, NULL, 0, '1', '0', 1600396971, 1600396971),
(11, 1, NULL, '', '【即日10分プラン】トータルチェック', '', 1, 1, NULL, 0, '1', '0', 1600396994, 1600396994),
(12, 1, NULL, '', '【即日10分プラン】採血セット', '', 1, 1, NULL, 0, '1', '0', 1600397029, 1600397029),
(13, 1, NULL, '', '【即日10分プラン】フルセット', '', 1, 1, NULL, 0, '1', '0', 1600397090, 1600397090),
(14, 1, NULL, '', '【即日10分プラン】のどフルセット', '', 1, 1, NULL, 0, '1', '0', 1600397105, 1600397105),
(15, 1, NULL, '', '【即日10分プラン】フルセット+のど', '', 1, 1, NULL, 0, '1', '0', 1600397118, 1600397118),
(16, 1, NULL, '', '【即日10分プラン】ブライダルチェックスーパー即日セット', '', 1, 1, NULL, 0, '1', '0', 1600397126, 1600397126),
(17, 1, NULL, '', '【即日10分プラン】ブライダルチェックPCR即日セット', '', 1, 1, NULL, 0, '1', '0', 1600397142, 1600397142),
(18, 1, NULL, '', '【即日10分プラン】淋病(のど)', '', 1, 2, NULL, 0, '1', '0', 1600397558, 1600397558),
(19, 1, NULL, '', '【即日10分プラン】淋病(性器)', '', 1, 2, NULL, 0, '1', '0', 1600397573, 1600397573),
(20, 1, NULL, '', '【即日10分プラン】淋病(肛門)', '', 1, 2, NULL, 0, '1', '0', 1600397587, 1600397587),
(21, 1, NULL, '', '【即日10分プラン】クラミジア(のど)', '', 1, 2, NULL, 0, '1', '0', 1600397597, 1600397597),
(22, 1, NULL, '', '【即日10分プラン】クラミジア(性器)', '', 1, 2, NULL, 0, '1', '0', 1600397619, 1600397619),
(23, 1, NULL, '', '【即日10分プラン】クラミジア(肛門)', '', 1, 2, NULL, 0, '1', '0', 1600397628, 1600397628),
(24, 1, NULL, '', '【即日10分プラン】梅毒', '', 1, 2, NULL, 0, '1', '0', 1600397637, 1600397637),
(25, 1, NULL, '', '【即日10分プラン】B型肝炎(HBs抗原)', '', 1, 2, NULL, 0, '1', '0', 1600397650, 1600397650),
(26, 1, NULL, '', '【即日10分プラン】HIV(抗原抗体検査)', '', 1, 2, NULL, 0, '1', '0', 1600397660, 1600397660),
(27, 1, NULL, '', '【即日10分プラン】アデノウイルス検査', '', 1, 2, NULL, 0, '1', '0', 1600397669, 1600397669),
(28, 1, NULL, '', '【即日10分プラン】ヘルペス(検査)', '', 1, 2, NULL, 0, '1', '0', 1600397679, 1600397679),
(29, 1, NULL, '', '【即日10分プラン】ヘルペス(診察)', '', 1, 2, NULL, 0, '1', '0', 1600397687, 1600397687),
(30, 2, NULL, '', '【通常10分プラン】ベーシック', '', 1, 1, NULL, 0, '1', '0', 1600397846, 1600397846),
(31, 2, NULL, '', '【通常10分プラン】ベーシックのど', '', 1, 1, NULL, 0, '1', '0', 1600397856, 1600397856),
(32, 2, NULL, '', '【通常10分プラン】トータルチェック', '', 1, 1, NULL, 0, '1', '0', 1600397864, 1600397864),
(33, 2, NULL, '', '【通常10分プラン】採血セット', '', 1, 1, NULL, 0, '1', '0', 1600397872, 1600397872),
(34, 2, NULL, '', '【通常10分プラン】PCR採血セット', '', 1, 1, NULL, 0, '1', '0', 1600397878, 1600397878),
(35, 2, NULL, '', '【通常10分プラン】フルセット', '', 1, 1, NULL, 0, '1', '0', 1600397885, 1600397885),
(36, 2, NULL, '', '【通常10分プラン】のどフルセット', '', 1, 1, NULL, 0, '1', '0', 1600397892, 1600397892),
(37, 2, NULL, '', '【通常10分プラン】フルセット+のど', '', 1, 1, NULL, 0, '1', '0', 1600397899, 1600397899),
(38, 2, NULL, '', '【通常10分プラン】ブライダルチェックスーパーセット', '', 1, 1, NULL, 0, '1', '0', 1600397911, 1600397911),
(39, 2, NULL, '', '【通常10分プラン】ブライダルチェックPCRセット', '', 1, 1, NULL, 0, '1', '0', 1600397917, 1600397917),
(40, 2, NULL, '', '【通常10分プラン】淋病(のど)', '', 1, 2, NULL, 0, '1', '0', 1600397926, 1600397926),
(41, 2, NULL, '', '【通常10分プラン】淋病(性器)', '', 1, 2, NULL, 0, '1', '0', 1600397938, 1600397938),
(42, 2, NULL, '', '【通常10分プラン】淋病(肛門)', '', 1, 2, NULL, 0, '1', '0', 1600397945, 1600397945),
(43, 2, NULL, '', '【通常10分プラン】クラミジア(のど)', '', 1, 2, NULL, 0, '1', '0', 1600397953, 1600397953),
(44, 2, NULL, '', '【通常10分プラン】クラミジア(性器)', '', 1, 2, NULL, 0, '1', '0', 1600397960, 1600397960),
(45, 2, NULL, '', '【通常10分プラン】クラミジア(肛門)', '', 1, 2, NULL, 0, '1', '0', 1600397970, 1600397970),
(46, 2, NULL, '', '【通常10分プラン】梅毒', '', 1, 2, NULL, 0, '1', '0', 1600397980, 1600397980),
(47, 2, NULL, '', '【通常10分プラン】B型肝炎(HBs抗原)', '', 1, 2, NULL, 0, '1', '0', 1600397988, 1600397988),
(48, 2, NULL, '', '【通常10分プラン】B型肝炎(リアルタイムPCR法)', '', 1, 2, NULL, 0, '1', '0', 1600397995, 1600397995),
(49, 2, NULL, '', '【通常10分プラン】HIV(第4世代抗原抗体検査)', '', 1, 2, NULL, 0, '1', '0', 1600398002, 1600398002),
(50, 2, NULL, '', '【通常10分プラン】HIV(リアルタイムPCR法)', '', 1, 2, NULL, 0, '1', '0', 1600398010, 1600398010),
(51, 2, NULL, '', '【通常10分プラン】HIV確認検査', '', 1, 2, NULL, 0, '1', '0', 1600398017, 1600398017),
(52, 2, NULL, '', '【通常10分プラン】C型肝炎(HCV抗体)', '', 1, 2, NULL, 0, '1', '0', 1600398026, 1600398026),
(53, 2, NULL, '', '【通常10分プラン】C型肝炎(リアルタイムPCR法)', '', 1, 2, NULL, 0, '1', '0', 1600398034, 1600398034),
(54, 2, NULL, '', '【通常10分プラン】マイコプラズマ・ウレアプラズマ', '', 1, 2, NULL, 0, '1', '0', 1600398041, 1600398041),
(55, 2, NULL, '', '【通常10分プラン】トリコモナス症', '', 1, 2, NULL, 0, '1', '0', 1600398051, 1600398051),
(56, 2, NULL, '', '【通常10分プラン】カンジダ', '', 1, 2, NULL, 0, '1', '0', 1600398059, 1600398059),
(57, 2, NULL, '', '【通常10分プラン】HPV(低リスク型)', '', 1, 2, NULL, 0, '1', '0', 1600398066, 1600398066),
(58, 2, NULL, '', '【通常10分プラン】HPV(高リスク型)', '', 1, 2, NULL, 0, '1', '0', 1600398074, 1600398074),
(59, 2, NULL, '', '【通常10分プラン】尖圭コンジローマ', '', 1, 2, NULL, 0, '1', '0', 1600398083, 1600398083),
(60, 3, NULL, '', '【即日10分プラン】淋病(のど)', '', 1, 1, NULL, 0, '1', '0', 1600398190, 1600398190),
(61, 3, NULL, '', '【即日10分プラン】淋病(性器)', '', 1, 1, NULL, 0, '1', '0', 1600398199, 1600398199),
(62, 3, NULL, '', '【即日10分プラン】淋病(肛門)', '', 1, 1, NULL, 0, '1', '0', 1600398252, 1600398252),
(63, 3, NULL, '', '【即日10分プラン】クラミジア(のど)', '', 1, 1, NULL, 0, '1', '0', 1600398259, 1600398259),
(64, 3, NULL, '', '【即日10分プラン】クラミジア(性器)', '', 1, 1, NULL, 0, '1', '0', 1600398265, 1600398265),
(65, 3, NULL, '', '【即日10分プラン】クラミジア(肛門)', '', 1, 1, NULL, 0, '1', '0', 1600398271, 1600398271),
(66, 3, NULL, '', '【即日10分プラン】梅毒', '', 1, 1, NULL, 0, '1', '0', 1600398279, 1600398279),
(67, 3, NULL, '', '【即日10分プラン】B型肝炎(HBs抗原)', '', 1, 1, NULL, 0, '1', '0', 1600398285, 1600398285),
(68, 3, NULL, '', '【即日10分プラン】HIV(抗原抗体検査)', '', 1, 1, NULL, 0, '1', '0', 1600398292, 1600398292),
(69, 3, NULL, '', '【即日10分プラン】アデノウイルス', '', 1, 1, NULL, 0, '1', '0', 1600398299, 1600398299),
(70, 3, NULL, '', '【即日10分プラン】ヘルペス(検査)', '', 1, 1, NULL, 0, '1', '0', 1600398305, 1600398305),
(71, 3, NULL, '', '【即日10分プラン】ヘルペス(診察)', '', 1, 1, NULL, 0, '1', '0', 1600398311, 1600398311),
(72, 3, NULL, '', '【通常10分プラン】淋病(のど)', '', 1, 1, NULL, 0, '1', '0', 1600398318, 1600398318),
(73, 3, NULL, '', '【通常10分プラン】淋病(性器)', '', 1, 1, NULL, 0, '1', '0', 1600398325, 1600398325),
(74, 3, NULL, '', '【通常10分プラン】淋病(肛門)', '', 1, 1, NULL, 0, '1', '0', 1600398334, 1600398334),
(75, 3, NULL, '', '【通常10分プラン】クラミジア(のど)', '', 1, 1, NULL, 0, '1', '0', 1600398342, 1600398342),
(76, 3, NULL, '', '【通常10分プラン】クラミジア(性器)', '', 1, 1, NULL, 0, '1', '0', 1600398348, 1600398348),
(77, 3, NULL, '', '【通常10分プラン】クラミジア(肛門)', '', 1, 1, NULL, 0, '1', '0', 1600398355, 1600398355),
(78, 3, NULL, '', '【通常10分プラン】梅毒', '', 1, 1, NULL, 0, '1', '0', 1600398363, 1600398363),
(79, 3, NULL, '', '【通常10分プラン】B型肝炎(HBs抗原)', '', 1, 1, NULL, 0, '1', '0', 1600398369, 1600398369),
(80, 3, NULL, '', '【通常10分プラン】B型肝炎(リアルタイムPCR法)', '', 1, 1, NULL, 0, '1', '0', 1600398375, 1600398375),
(81, 3, NULL, '', '【通常10分プラン】HIV(第4世代抗原抗体検査)', '', 1, 1, NULL, 0, '1', '0', 1600398382, 1600398382),
(82, 3, NULL, '', '【通常10分プラン】HIV(リアルタイムPCR法)', '', 1, 1, NULL, 0, '1', '0', 1600398389, 1600398389),
(83, 3, NULL, '', '【通常10分プラン】HIV確認検査', '', 1, 1, NULL, 0, '1', '0', 1600398396, 1600398396),
(84, 3, NULL, '', '【通常10分プラン】C型肝炎(HCV抗体)', '', 1, 1, NULL, 0, '1', '0', 1600398402, 1600398402),
(85, 3, NULL, '', '【通常10分プラン】C型肝炎(リアルタイムPCR法)', '', 1, 1, NULL, 0, '1', '0', 1600398411, 1600398411),
(86, 3, NULL, '', '【通常10分プラン】マイコプラズマ・ウレアプラズマ', '', 1, 1, NULL, 0, '1', '0', 1600398417, 1600398417),
(87, 3, NULL, '', '【通常10分プラン】トリコモナス症', '', 1, 1, NULL, 0, '1', '0', 1600398424, 1600398424),
(88, 3, NULL, '', '【通常10分プラン】カンジダ', '', 1, 1, NULL, 0, '1', '0', 1600398436, 1600398436),
(89, 3, NULL, '', '【通常10分プラン】HPV(低リスク型)', '', 1, 1, NULL, 0, '1', '0', 1600398443, 1600398443),
(90, 3, NULL, '', '【通常10分プラン】HPV(高リスク型)', '', 1, 1, NULL, 0, '1', '0', 1600398449, 1600398449),
(91, 3, NULL, '', '【通常10分プラン】尖圭コンジローマ', '', 1, 1, NULL, 0, '1', '0', 1600398455, 1600398455),
(92, 4, NULL, '', '【即日10分プラン】ベーシック', '', 1, 1, NULL, 0, '1', '0', 1600398537, 1600398537),
(93, 4, NULL, '', '【即日10分プラン】ベーシックのど', '', 1, 1, NULL, 0, '1', '0', 1600398549, 1600398549),
(94, 4, NULL, '', '【即日10分プラン】トータルチェック', '', 1, 1, NULL, 0, '1', '0', 1600398555, 1600398555),
(95, 4, NULL, '', '【即日10分プラン】採血セット', '', 1, 1, NULL, 0, '1', '0', 1600398562, 1600398562),
(96, 4, NULL, '', '【即日10分プラン】フルセット', '', 1, 1, NULL, 0, '1', '0', 1600398569, 1600398569),
(97, 4, NULL, '', '【即日10分プラン】のどフルセット', '', 1, 1, NULL, 0, '1', '0', 1600398575, 1600398575),
(98, 4, NULL, '', '【即日10分プラン】フルセット+のど', '', 1, 1, NULL, 0, '1', '0', 1600398584, 1600398584),
(99, 4, NULL, '', '【即日10分プラン】ブライダルチェックスーパー即日セット', '', 1, 1, NULL, 0, '1', '0', 1600398591, 1600398591),
(100, 4, NULL, '', '【即日10分プラン】ブライダルチェックPCR即日セット', '', 1, 1, NULL, 0, '1', '0', 1600398601, 1600398601),
(101, 4, NULL, '', '【即日10分プラン】淋病(のど)', '', 1, 2, NULL, 0, '1', '0', 1600398610, 1600398610),
(102, 4, NULL, '', '【即日10分プラン】淋病(性器)', '', 1, 2, NULL, 0, '1', '0', 1600398620, 1600398620),
(103, 4, NULL, '', '【即日10分プラン】淋病(肛門)', '', 1, 2, NULL, 0, '1', '0', 1600398627, 1600398627),
(104, 4, NULL, '', '【即日10分プラン】クラミジア(のど)', '', 1, 2, NULL, 0, '1', '0', 1600398637, 1600398637),
(105, 4, NULL, '', '【即日10分プラン】クラミジア(性器)', '', 1, 2, NULL, 0, '1', '0', 1600398650, 1600398650),
(106, 4, NULL, '', '【即日10分プラン】クラミジア(肛門)', '', 1, 2, NULL, 0, '1', '0', 1600398659, 1600398659),
(107, 4, NULL, '', '【即日10分プラン】梅毒', '', 1, 2, NULL, 0, '1', '0', 1600398669, 1600398669),
(108, 4, NULL, '', '【即日10分プラン】HIV(抗原抗体検査)', '', 1, 2, NULL, 0, '1', '0', 1600398677, 1600398677),
(109, 4, NULL, '', '【即日10分プラン】B型肝炎(HBs抗原)', '', 1, 2, NULL, 0, '1', '0', 1600398698, 1600398698),
(110, 4, NULL, '', '【即日10分プラン】アデノウイルス', '', 1, 2, NULL, 0, '1', '0', 1600398708, 1600398708),
(111, 4, NULL, '', '【即日10分プラン】ヘルペス(検査)', '', 1, 2, NULL, 0, '1', '0', 1600398715, 1600398715),
(112, 4, NULL, '', '【即日10分プラン】ヘルペス(診察)', '', 1, 2, NULL, 0, '1', '0', 1600398723, 1600398723),
(113, 4, NULL, '', '【即日10分プラン】淋病治療', '', 1, 3, NULL, 0, '1', '0', 1600398750, 1600398750),
(114, 4, NULL, '', '【即日10分プラン】クラミジア治療', '', 1, 3, NULL, 0, '1', '0', 1600398758, 1600398758),
(115, 4, NULL, '', '【即日10分プラン】梅毒治療(説明に10~20分ほどかかります)', '', 1, 3, NULL, 0, '1', '0', 1600398768, 1600398768),
(116, 4, NULL, '', '【即日10分プラン】マイコプラズマ・ウレアプラズマ治療', '', 1, 3, NULL, 0, '1', '0', 1600398778, 1600398778),
(117, 4, NULL, '', '【即日10分プラン】トリコモナス症治療', '', 1, 3, NULL, 0, '1', '0', 1600398786, 1600398786),
(118, 4, NULL, '', '【即日10分プラン】カンジダ治療', '', 1, 3, NULL, 0, '1', '0', 1600398794, 1600398794),
(119, 4, NULL, '', '【即日10分プラン】診断書', '', 1, 3, NULL, 0, '1', '0', 1600398803, 1600398803),
(120, 4, NULL, '', '【即日10分プラン】尖圭コンジローマ治療', '', 1, 3, NULL, 0, '1', '0', 1600398812, 1600398812),
(121, 4, NULL, '', '【即日10分プラン】紹介状', '', 1, 3, NULL, 0, '1', '0', 1600398822, 1600398822),
(122, 5, NULL, '', '【通常10分プラン】ベーシック', '', 1, 1, NULL, 0, '1', '0', 1600400377, 1600400377),
(123, 5, NULL, '', '【通常10分プラン】ベーシックのど', '', 1, 1, NULL, 0, '1', '0', 1600400385, 1600400385),
(124, 5, NULL, '', '【通常10分プラン】トータルチェック', '', 1, 1, NULL, 0, '1', '0', 1600400393, 1600400393),
(125, 5, NULL, '', '【通常10分プラン】採血セット', '', 1, 1, NULL, 0, '1', '0', 1600400399, 1600400399),
(126, 5, NULL, '', '【通常10分プラン】PCR採血セット', '', 1, 1, NULL, 0, '1', '0', 1600400405, 1600400405),
(127, 5, NULL, '', '【通常10分プラン】フルセット', '', 1, 1, NULL, 0, '1', '0', 1600400411, 1600400411),
(128, 5, NULL, '', '【通常10分プラン】のどフルセット', '', 1, 1, NULL, 0, '1', '0', 1600400416, 1600400416),
(129, 5, NULL, '', '【通常10分プラン】フルセット+のど', '', 1, 1, NULL, 0, '1', '0', 1600400423, 1600400423),
(130, 5, NULL, '', '【通常10分プラン】ブライダルチェックスーパーセット', '', 1, 1, NULL, 0, '1', '0', 1600400430, 1600400430),
(131, 5, NULL, '', '【通常10分プラン】ブライダルチェックPCRセット', '', 1, 1, NULL, 0, '1', '0', 1600400437, 1600400437),
(132, 5, NULL, '', '【通常10分プラン】淋病(のど)', '', 1, 2, NULL, 0, '1', '0', 1600400451, 1600400451),
(133, 5, NULL, '', '【通常10分プラン】淋病(性器)', '', 1, 2, NULL, 0, '1', '0', 1600400457, 1600400457),
(134, 5, NULL, '', '【通常10分プラン】淋病(肛門)', '', 1, 2, NULL, 0, '1', '0', 1600400464, 1600400464),
(135, 5, NULL, '', '【通常10分プラン】クラミジア(のど)', '', 1, 2, NULL, 0, '1', '0', 1600400472, 1600400472),
(136, 5, NULL, '', '【通常10分プラン】クラミジア(性器)', '', 1, 2, NULL, 0, '1', '0', 1600400479, 1600400479),
(137, 5, NULL, '', '【通常10分プラン】クラミジア(肛門)', '', 1, 2, NULL, 0, '1', '0', 1600400486, 1600400486),
(138, 5, NULL, '', '【通常10分プラン】梅毒', '', 1, 2, NULL, 0, '1', '0', 1600400493, 1600400493),
(139, 5, NULL, '', '【通常10分プラン】B型肝炎(HBs抗原)', '', 1, 2, NULL, 0, '1', '0', 1600400501, 1600400501),
(140, 5, NULL, '', '【通常10分プラン】B型肝炎(リアルタイムPCR法)', '', 1, 2, NULL, 0, '1', '0', 1600400508, 1600400508),
(141, 5, NULL, '', '【通常10分プラン】HIV(第4世代抗原抗体検査)', '', 1, 2, NULL, 0, '1', '0', 1600400517, 1600400517),
(142, 5, NULL, '', '【通常10分プラン】HIV(リアルタイムPCR法)', '', 1, 2, NULL, 0, '1', '0', 1600400524, 1600400524),
(143, 5, NULL, '', '【通常10分プラン】HIV確認検査', '', 1, 2, NULL, 0, '1', '0', 1600400531, 1600400531),
(144, 5, NULL, '', '【通常10分プラン】C型肝炎(HCV抗体)', '', 1, 2, NULL, 0, '1', '0', 1600400540, 1600400540),
(145, 5, NULL, '', '【通常10分プラン】C型肝炎(リアルタイムPCR法)', '', 1, 2, NULL, 0, '1', '0', 1600400549, 1600400549),
(146, 5, NULL, '', '【通常10分プラン】マイコプラズマ・ウレアプラズマ', '', 1, 2, NULL, 0, '1', '0', 1600400555, 1600400555),
(147, 5, NULL, '', '【通常10分プラン】トリコモナス症', '', 1, 2, NULL, 0, '1', '0', 1600400563, 1600400563),
(148, 5, NULL, '', '【通常10分プラン】カンジダ', '', 1, 2, NULL, 0, '1', '0', 1600400571, 1600400571),
(149, 5, NULL, '', '【通常10分プラン】HPV(低リスク型)', '', 1, 2, NULL, 0, '1', '0', 1600400582, 1600400582),
(150, 5, NULL, '', '【通常10分プラン】HPV(高リスク型)', '', 1, 2, NULL, 0, '1', '0', 1600400588, 1600400588),
(151, 5, NULL, '', '【通常10分プラン】尖圭コンジローマ', '', 1, 2, NULL, 0, '1', '0', 1600400595, 1600400595),
(152, 5, NULL, '', '【通常10分プラン】淋病治療', '', 1, 3, NULL, 0, '1', '0', 1600400616, 1600400616),
(153, 5, NULL, '', '【通常10分プラン】クラミジア治療', '', 1, 3, NULL, 0, '1', '0', 1600400624, 1600400624),
(154, 5, NULL, '', '【通常10分プラン】梅毒治療(説明に10~20分ほどかかります)', '', 1, 3, NULL, 0, '1', '0', 1600400631, 1600400631),
(155, 5, NULL, '', '【通常10分プラン】マイコプラズマ・ウレアプラズマ治療', '', 1, 3, NULL, 0, '1', '0', 1600400638, 1600400638),
(156, 5, NULL, '', '【通常10分プラン】トリコモナス症治療', '', 1, 3, NULL, 0, '1', '0', 1600400645, 1600400645),
(157, 5, NULL, '', '【通常10分プラン】カンジダ治療', '', 1, 3, NULL, 0, '1', '0', 1600400653, 1600400653),
(158, 5, NULL, '', '【通常10分プラン】尖圭コンジローマ治療', '', 1, 3, NULL, 0, '1', '0', 1600400660, 1600400660),
(159, 5, NULL, '', '【通常10分プラン】診断書【治療10分プラン】紹介状+のど', '', 1, 3, NULL, 0, '1', '0', 1600400668, 1600400668),
(160, 6, NULL, '', '【即日10分プラン】ベーシックのど', '', 1, 1, NULL, 0, '1', '0', 1600402346, 1600402346),
(161, 6, NULL, '', '【即日10分プラン】トータルチェック', '', 1, 1, NULL, 0, '1', '0', 1600402361, 1600402361),
(162, 6, NULL, '', '【即日10分プラン】採血セット', '', 1, 1, NULL, 0, '1', '0', 1600402368, 1600402368),
(163, 6, NULL, '', '【即日10分プラン】フルセット', '', 1, 1, NULL, 0, '1', '0', 1600402506, 1600402506),
(164, 6, NULL, '', '【即日10分プラン】のどフルセット', '', 1, 1, NULL, 0, '1', '0', 1600402511, 1600402511),
(165, 6, NULL, '', '【即日10分プラン】フルセット+のど', '', 1, 1, NULL, 0, '1', '0', 1600402516, 1600402516),
(166, 6, NULL, '', '【即日10分プラン】ブライダルチェックスーパー即日セット', '', 1, 1, NULL, 0, '1', '0', 1600402526, 1600402526),
(167, 6, NULL, '', '【即日10分プラン】ブライダルチェックPCR即日セット', '', 1, 1, NULL, 0, '1', '0', 1600402532, 1600402532),
(168, 6, NULL, '', '【通常10分プラン】ベーシック', '', 1, 1, NULL, 0, '1', '0', 1600402538, 1600402538),
(169, 6, NULL, '', '【通常10分プラン】ベーシックのど', '', 1, 1, NULL, 0, '1', '0', 1600402544, 1600402544),
(170, 6, NULL, '', '【通常10分プラン】トータルチェック', '', 1, 1, NULL, 0, '1', '0', 1600402549, 1600402549),
(171, 6, NULL, '', '【通常10分プラン】採血セット', '', 1, 1, NULL, 0, '1', '0', 1600402555, 1600402555),
(172, 6, NULL, '', '【通常10分プラン】PCR法採血セット', '', 1, 1, NULL, 0, '1', '0', 1600402561, 1600402561),
(173, 6, NULL, '', '【通常10分プラン】フルセット', '', 1, 1, NULL, 0, '1', '0', 1600402567, 1600402567),
(174, 6, NULL, '', '【通常10分プラン】のどフルセット', '', 1, 1, NULL, 0, '1', '0', 1600402579, 1600402579),
(175, 6, NULL, '', '【通常10分プラン】フルセット+のど', '', 1, 1, NULL, 0, '1', '0', 1600402585, 1600402585),
(176, 6, NULL, '', '【通常10分プラン】ブライダルチェックスーパーセット', '', 1, 1, NULL, 0, '1', '0', 1600402591, 1600402591),
(177, 6, NULL, '', '【通常10分プラン】ブライダルチェックPCRセット', '', 1, 1, NULL, 0, '1', '0', 1600402598, 1600402598),
(178, 6, NULL, '', '【即日10分プラン】淋病(のど)', '', 1, 2, NULL, 0, '1', '0', 1600402653, 1600402653),
(179, 6, NULL, '', '【即日10分プラン】淋病(性器)', '', 1, 2, NULL, 0, '1', '0', 1600402661, 1600402661),
(180, 6, NULL, '', '【即日10分プラン】淋病(肛門)', '', 1, 2, NULL, 0, '1', '0', 1600402672, 1600402672),
(181, 6, NULL, '', '【即日10分プラン】クラミジア(のど)', '', 1, 2, NULL, 0, '1', '0', 1600402797, 1600402797),
(182, 6, NULL, '', '【即日10分プラン】クラミジア(性器)', '', 1, 2, NULL, 0, '1', '0', 1600402805, 1600402805),
(183, 6, NULL, '', '【即日10分プラン】クラミジア(肛門)', '', 1, 2, NULL, 0, '1', '0', 1600402811, 1600402811),
(184, 6, NULL, '', '【即日10分プラン】梅毒', '', 1, 2, NULL, 0, '1', '0', 1600402838, 1600402838),
(185, 6, NULL, '', '【即日10分プラン】B型肝炎(HBs抗原)', '', 1, 2, NULL, 0, '1', '0', 1600402885, 1600402885),
(186, 6, NULL, '', '【即日10分プラン】HIV(抗原抗体検査)', '', 1, 2, NULL, 0, '1', '0', 1600402891, 1600402891),
(187, 6, NULL, '', '【即日10分プラン】アデノウイルス', '', 1, 2, NULL, 0, '1', '0', 1600402899, 1600402899),
(188, 6, NULL, '', '【即日10分プラン】ヘルペス(検査)', '', 1, 2, NULL, 0, '1', '0', 1600402906, 1600402906),
(189, 6, NULL, '', '【即日10分プラン】ヘルペス(診察)', '', 1, 2, NULL, 0, '1', '0', 1600402911, 1600402911),
(190, 6, NULL, '', '【通常10分プラン】淋病(のど)', '', 1, 2, NULL, 0, '1', '0', 1600402940, 1600402940),
(191, 6, NULL, '', '【通常10分プラン】淋病(性器)', '', 1, 2, NULL, 0, '1', '0', 1600402946, 1600402946),
(192, 6, NULL, '', '【通常10分プラン】淋病(肛門)', '', 1, 2, NULL, 0, '1', '0', 1600402953, 1600402953),
(193, 6, NULL, '', '【通常10分プラン】クラミジア(のど)', '', 1, 2, NULL, 0, '1', '0', 1600402959, 1600402959),
(194, 6, NULL, '', '【通常10分プラン】クラミジア(性器)', '', 1, 2, NULL, 0, '1', '0', 1600402966, 1600402966),
(195, 6, NULL, '', '【通常10分プラン】クラミジア(肛門)', '', 1, 2, NULL, 0, '1', '0', 1600402972, 1600402972),
(196, 6, NULL, '', '【通常10分プラン】梅毒', '', 1, 2, NULL, 0, '1', '0', 1600402979, 1600402979),
(197, 6, NULL, '', '【通常10分プラン】B型肝炎(HBs抗原)', '', 1, 2, NULL, 0, '1', '0', 1600402987, 1600402987),
(198, 6, NULL, '', '【通常10分プラン】B型肝炎(リアルタイムPCR法)', '', 1, 2, NULL, 0, '1', '0', 1600403004, 1600403004),
(199, 6, NULL, '', '【通常10分プラン】HIV(第4世代抗原抗体検査)', '', 1, 2, NULL, 0, '1', '0', 1600403010, 1600403010),
(200, 6, NULL, '', '【通常10分プラン】HIV(リアルタイムPCR法)', '', 1, 2, NULL, 0, '1', '0', 1600403017, 1600403017),
(201, 6, NULL, '', '【通常10分プラン】HIV確認検査', '', 1, 2, NULL, 0, '1', '0', 1600403024, 1600403024),
(202, 6, NULL, '', '【通常10分プラン】C型肝炎(HCV抗体)', '', 1, 2, NULL, 0, '1', '0', 1600403031, 1600403031),
(203, 6, NULL, '', '【通常10分プラン】C型肝炎(リアルタイムPCR法)', '', 1, 2, NULL, 0, '1', '0', 1600403039, 1600403039),
(204, 6, NULL, '', '【通常10分プラン】マイコプラズマ・ウレアプラズマ', '', 1, 2, NULL, 0, '1', '0', 1600403046, 1600403046),
(205, 6, NULL, '', '【通常10分プラン】トリコモナス症', '', 1, 2, NULL, 0, '1', '0', 1600403052, 1600403052),
(206, 6, NULL, '', '【通常10分プラン】カンジダ', '', 1, 2, NULL, 0, '1', '0', 1600403060, 1600403060),
(207, 6, NULL, '', '【通常10分プラン】HPV(低リスク型)', '', 1, 2, NULL, 0, '1', '0', 1600403067, 1600403067),
(208, 6, NULL, '', '【通常10分プラン】HPV(高リスク型)', '', 1, 2, NULL, 0, '1', '0', 1600403073, 1600403073),
(209, 6, NULL, '', '【通常10分プラン】尖圭コンジローマ', '', 1, 2, NULL, 0, '1', '0', 1600403079, 1600403079),
(210, 6, NULL, '', '【通常10分プラン】淋病治療', '', 1, 3, NULL, 0, '1', '0', 1600403087, 1600403087),
(211, 6, NULL, '', '【通常10分プラン】クラミジア治療', '', 1, 3, NULL, 0, '1', '0', 1600403093, 1600403093),
(212, 6, NULL, '', '【通常10分プラン】梅毒治療(説明に10~20分ほどかかります)', '', 1, 3, NULL, 0, '1', '0', 1600403099, 1600403099),
(213, 6, NULL, '', '【通常10分プラン】マイコプラズマ・ウレアプラズマ治療', '', 1, 3, NULL, 0, '1', '0', 1600403106, 1600403106),
(214, 6, NULL, '', '【通常10分プラン】トリコモナス症治療', '', 1, 3, NULL, 0, '1', '0', 1600403112, 1600403112),
(215, 6, NULL, '', '【通常10分プラン】カンジダ治療', '', 1, 3, NULL, 0, '1', '0', 1600403119, 1600403119),
(216, 6, NULL, '', '【通常10分プラン】尖圭コンジローマ治療', '', 1, 3, NULL, 0, '1', '0', 1600403126, 1600403126),
(217, 6, NULL, '', '【通常10分プラン】診断書', '', 1, 3, NULL, 0, '1', '0', 1600403134, 1600403134),
(218, 6, NULL, '', '【通常10分プラン】紹介状', '', 1, 3, NULL, 0, '1', '0', 1600403140, 1600403140),
(219, 7, NULL, '', 'テスト010101', '', 1, 3, NULL, 0, '1', '0', 1600856488, 1600856488),
(220, 7, NULL, '', 'テスト020202', '', 1, 3, NULL, 0, '1', '0', 1600856501, 1600856501),
(221, 7, NULL, '', 'テスト01', '', 1, 1, NULL, 0, '1', '0', 1600935604, 1600935604),
(222, 7, NULL, '', 'テスト02', '', 1, 1, NULL, 0, '1', '0', 1600935614, 1600935614),
(223, 7, NULL, '', 'テスト0101', '', 1, 2, NULL, 0, '1', '0', 1600935770, 1600935770),
(224, 7, NULL, '', 'テスト0202', '', 1, 2, NULL, 0, '1', '0', 1600935780, 1600935780);

-- --------------------------------------------------------

--
-- 表的结构 `ci_diagnosis_reg`
--

CREATE TABLE `ci_diagnosis_reg` (
  `id` int(10) UNSIGNED NOT NULL,
  `sis_sn` varchar(32) DEFAULT NULL,
  `sis_date` varchar(20) DEFAULT NULL,
  `sis_time` varchar(20) DEFAULT NULL,
  `sis_title` varchar(64) DEFAULT NULL,
  `sis_desc` varchar(255) DEFAULT NULL,
  `realname` varchar(32) DEFAULT NULL,
  `remark` varchar(255) DEFAULT NULL,
  `create_time` int(10) DEFAULT NULL,
  `update_time` int(10) DEFAULT NULL,
  `delete_time` int(10) DEFAULT NULL,
  `isdelete` enum('0','1') DEFAULT '0',
  `status` enum('0','1') DEFAULT '1'
) ENGINE=MyISAM DEFAULT CHARSET=utf8mb4 ROW_FORMAT=DYNAMIC;

--
-- 转存表中的数据 `ci_diagnosis_reg`
--

INSERT INTO `ci_diagnosis_reg` (`id`, `sis_sn`, `sis_date`, `sis_time`, `sis_title`, `sis_desc`, `realname`, `remark`, `create_time`, `update_time`, `delete_time`, `isdelete`, `status`) VALUES
(1, 'FH1700014222', '2020-09-10', '08:00', '性病10分', '性病10分性病10分性病10分性病10分性病10分性病10分性病10分性病10分性病10分性病10分性病10分性病10分性病10分性病10分性病10分性病10分性病10分性病10分性病10分性病10分性病10分性病10分性病10分性病10分性病10分性病10分性病10分性病10分性病10分性病10分性病10分性病10分性病10分性病10分性病10分性病10分性病10分性病10分性病10分性病10分性病10分性病10分性病10分性病10分性病10分性病10分性病10分性病10分性病10分性病10分', '黄河の侠客', '性病10分性病10分性病10分性病10分性病10分性病10分性病10分性病10分性病10分性病10分性病10分性病10分性病10分性病10分性病10分性病10分性病10分性病10分性病10分性病10分性病10分性病10分性病10分性病10分性病10分性病10分性病10分性病10分性病10分性病10分性病10分性病10分性病10分性病10分性病10分性病10分性病10分性病10分性病10分性病10分性病10分性病10分性病10分性病10分性病10分性病10分性病10分性病10分性病10分性病10分', 1599023687, 1599023687, NULL, '0', '1'),
(2, 'FH1700014222', '2020-09-10', '14:00', 'AGA男性薄毛治療', 'AGA男性薄毛治療AGA男性薄毛治療AGA男性薄毛治療AGA男性薄毛治療AGA男性薄毛治療AGA男性薄毛治療AGA男性薄毛治療AGA男性薄毛治療AGA男性薄毛治療AGA男性薄毛治療AGA男性薄毛治療AGA男性薄毛治療', '黄河の侠客', 'AGA男性薄毛治療AGA男性薄毛治療AGA男性薄毛治療AGA男性薄毛治療AGA男性薄毛治療AGA男性薄毛治療AGA男性薄毛治療AGA男性薄毛治療AGA男性薄毛治療AGA男性薄毛治療AGA男性薄毛治療AGA男性薄毛治療AGA男性薄毛治療AGA男性薄毛治療AGA男性薄毛治療AGA男性薄毛治療AGA男性薄毛治療AGA男性薄毛治療AGA男性薄毛治療AGA男性薄毛治療AGA男性薄毛治療AGA男性薄毛治療AGA男性薄毛治療AGA男性薄毛治療AGA男性薄毛治療AGA男性薄毛治療AGA男性薄毛治療AGA男性薄毛', 1599023687, 1599023687, NULL, '0', '1'),
(3, 'TNT100100100', '2020-09-10', '20:00', '口腔科', '性病专科性病专科性病专科性病专科性病专科性病专科性病专科性病专科性病专科性病专科性病专科性病专科性病专科性病专科性病专科性病专科性病专科性病专科性病专科性病专科性病专科', 'gechuan', '性病专科性病专科性病专科性病专科性病专科性病专科性病专科性病专科性病专科性病专科性病专科性病专科性病专科性病专科性病专科性病专科性病专科性病专科性病专科性病专科性病专科性病专科性病专科', 1600308765, 1600308765, NULL, '0', '1');

-- --------------------------------------------------------

--
-- 表的结构 `ci_mailscenes_set`
--

CREATE TABLE `ci_mailscenes_set` (
  `id` int(10) UNSIGNED NOT NULL,
  `pid` int(10) NOT NULL,
  `title` varchar(64) CHARACTER SET utf8 DEFAULT NULL,
  `remark` varchar(255) CHARACTER SET utf8 DEFAULT '',
  `sort` int(10) DEFAULT '0' COMMENT '番号',
  `status` enum('0','1') CHARACTER SET utf8 NOT NULL DEFAULT '1' COMMENT '有効状態（0-無効，1-有効）',
  `isdelete` enum('0','1') CHARACTER SET utf8 NOT NULL DEFAULT '0' COMMENT '软削除状態（0-未削除，1-已削除）',
  `create_time` int(10) DEFAULT '0',
  `update_time` int(10) DEFAULT '0',
  `header` varchar(255) CHARACTER SET utf8 DEFAULT '',
  `footer` varchar(255) DEFAULT NULL
) ENGINE=MyISAM DEFAULT CHARSET=utf8mb4 ROW_FORMAT=DYNAMIC;

--
-- 转存表中的数据 `ci_mailscenes_set`
--

INSERT INTO `ci_mailscenes_set` (`id`, `pid`, `title`, `remark`, `sort`, `status`, `isdelete`, `create_time`, `update_time`, `header`, `footer`) VALUES
(225, 0, '予約成功', '', 1, '1', '0', 1601186991, 1601186991, '背景のカスタマイズ，背景のカスタマイズ，背景のカスタマイズ，背景のカスタマイズ，背景のカスタマイズ，', '背景のカスタマイズ，背景のカスタマイズ，背景のカスタマイズ，背景のカスタマイズ，背景のカスタマイズ，'),
(226, 0, '予約をキャンセル', '', 2, '1', '0', 1601187002, 1601187002, '背景のカスタマイズ，背景のカスタマイズ，背景のカスタマイズ，背景のカスタマイズ，背景のカスタマイズ，背景のカスタマイズ，背景のカスタマイズ，背景のカスタマイズ，背景のカスタマイズ，背景のカスタマイズ，', '背景のカスタマイズ，背景のカスタマイズ，背景のカスタマイズ，背景のカスタマイズ，背景のカスタマイズ，背景のカスタマイズ，背景のカスタマイズ，背景のカスタマイズ，背景のカスタマイズ，背景のカスタマイズ，'),
(227, 0, 'お客様が予約を送信', '', 3, '1', '0', 1601187215, 1601187215, '背景のカスタマイズ，背景のカスタマイズ，背景のカスタマイズ，背景のカスタマイズ，背景のカスタマイズ，背景のカスタマイズ，背景のカスタマイズ，背景のカスタマイズ，背景のカスタマイズ，背景のカスタマイズ，背景のカスタマイズ，背景のカスタマイズ，背景のカスタマイズ，背景のカスタマイズ，背景のカスタマイズ，背景のカスタマイズ，背景のカスタマイズ，背景のカスタマイズ，背景のカスタマイズ，背景のカスタマイズ，背景のカスタマイズ，背景のカスタマイズ，背景のカスタマイズ，背景のカスタマイズ，背景のカスタマイズ，', '背景のカスタマイズ，背景のカスタマイズ，背景のカスタマイズ，背景のカスタマイズ，背景のカスタマイズ，背景のカスタマイズ，背景のカスタマイズ，背景のカスタマイズ，背景のカスタマイズ，背景のカスタマイズ，背景のカスタマイズ，背景のカスタマイズ，背景のカスタマイズ，背景のカスタマイズ，背景のカスタマイズ，背景のカスタマイズ，背景のカスタマイズ，背景のカスタマイズ，背景のカスタマイズ，背景のカスタマイズ，背景のカスタマイズ，背景のカスタマイズ，背景のカスタマイズ，背景のカスタマイズ，背景のカスタマイズ，');

--
-- 转储表的索引
--

--
-- 表的索引 `ci_admin_generate_func`
--
ALTER TABLE `ci_admin_generate_func`
  ADD PRIMARY KEY (`id`) USING BTREE;

--
-- 表的索引 `ci_admin_group`
--
ALTER TABLE `ci_admin_group`
  ADD PRIMARY KEY (`id`) USING BTREE;

--
-- 表的索引 `ci_admin_node`
--
ALTER TABLE `ci_admin_node`
  ADD PRIMARY KEY (`id`) USING BTREE;

--
-- 表的索引 `ci_admin_role`
--
ALTER TABLE `ci_admin_role`
  ADD PRIMARY KEY (`id`) USING BTREE;

--
-- 表的索引 `ci_admin_user`
--
ALTER TABLE `ci_admin_user`
  ADD PRIMARY KEY (`id`) USING BTREE;

--
-- 表的索引 `ci_appointment_reg`
--
ALTER TABLE `ci_appointment_reg`
  ADD PRIMARY KEY (`id`) USING BTREE;

--
-- 表的索引 `ci_appointment_set`
--
ALTER TABLE `ci_appointment_set`
  ADD PRIMARY KEY (`id`) USING BTREE;

--
-- 表的索引 `ci_checkbox_set`
--
ALTER TABLE `ci_checkbox_set`
  ADD PRIMARY KEY (`id`) USING BTREE;

--
-- 表的索引 `ci_diagnosis_reg`
--
ALTER TABLE `ci_diagnosis_reg`
  ADD PRIMARY KEY (`id`) USING BTREE;

--
-- 表的索引 `ci_mailscenes_set`
--
ALTER TABLE `ci_mailscenes_set`
  ADD PRIMARY KEY (`id`) USING BTREE;

--
-- 在导出的表使用AUTO_INCREMENT
--

--
-- 使用表AUTO_INCREMENT `ci_admin_generate_func`
--
ALTER TABLE `ci_admin_generate_func`
  MODIFY `id` int(10) UNSIGNED NOT NULL AUTO_INCREMENT, AUTO_INCREMENT=13;

--
-- 使用表AUTO_INCREMENT `ci_admin_group`
--
ALTER TABLE `ci_admin_group`
  MODIFY `id` int(10) UNSIGNED NOT NULL AUTO_INCREMENT, AUTO_INCREMENT=5;

--
-- 使用表AUTO_INCREMENT `ci_admin_node`
--
ALTER TABLE `ci_admin_node`
  MODIFY `id` int(10) UNSIGNED NOT NULL AUTO_INCREMENT, AUTO_INCREMENT=136;

--
-- 使用表AUTO_INCREMENT `ci_admin_role`
--
ALTER TABLE `ci_admin_role`
  MODIFY `id` int(10) UNSIGNED NOT NULL AUTO_INCREMENT, AUTO_INCREMENT=3;

--
-- 使用表AUTO_INCREMENT `ci_admin_user`
--
ALTER TABLE `ci_admin_user`
  MODIFY `id` int(10) UNSIGNED NOT NULL AUTO_INCREMENT, AUTO_INCREMENT=3;

--
-- 使用表AUTO_INCREMENT `ci_appointment_reg`
--
ALTER TABLE `ci_appointment_reg`
  MODIFY `id` int(10) UNSIGNED NOT NULL AUTO_INCREMENT, AUTO_INCREMENT=4;

--
-- 使用表AUTO_INCREMENT `ci_appointment_set`
--
ALTER TABLE `ci_appointment_set`
  MODIFY `id` int(10) UNSIGNED NOT NULL AUTO_INCREMENT, AUTO_INCREMENT=844;

--
-- 使用表AUTO_INCREMENT `ci_checkbox_set`
--
ALTER TABLE `ci_checkbox_set`
  MODIFY `id` int(10) UNSIGNED NOT NULL AUTO_INCREMENT, AUTO_INCREMENT=225;

--
-- 使用表AUTO_INCREMENT `ci_diagnosis_reg`
--
ALTER TABLE `ci_diagnosis_reg`
  MODIFY `id` int(10) UNSIGNED NOT NULL AUTO_INCREMENT, AUTO_INCREMENT=4;

--
-- 使用表AUTO_INCREMENT `ci_mailscenes_set`
--
ALTER TABLE `ci_mailscenes_set`
  MODIFY `id` int(10) UNSIGNED NOT NULL AUTO_INCREMENT, AUTO_INCREMENT=236;
COMMIT;

/*!40101 SET CHARACTER_SET_CLIENT=@OLD_CHARACTER_SET_CLIENT */;
/*!40101 SET CHARACTER_SET_RESULTS=@OLD_CHARACTER_SET_RESULTS */;
/*!40101 SET COLLATION_CONNECTION=@OLD_COLLATION_CONNECTION */;
